CO_CURSO,NT_GER,QT_ALUNOS,QE_I63,QE_I57,QE_I15_A,QE_I15_B,QE_I15_C,QE_I15_D,QE_I15_E,QE_I15_F,QE_I23_ordinal
10059,34.166666666666664,36,4.260869565217392,3.869565217391304,0.6739130434782609,0.0,0.043478260869565216,0.2391304347826087,0.043478260869565216,0.0,2.869565217391304
100684,30.02857142857143,7,4.0,4.0,1.0,0.0,0.0,0.0,0.0,0.0,3.0
100816,44.01904761904762,21,4.090909090909091,4.454545454545454,0.5909090909090909,0.0,0.13636363636363635,0.18181818181818182,0.09090909090909091,0.0,3.227272727272727
101318,44.56,10,5.0,5.0,0.8181818181818182,0.09090909090909091,0.0,0.09090909090909091,0.0,0.0,3.090909090909091
101558,42.04090909090909,22,4.666666666666667,3.888888888888889,0.6153846153846154,0.07692307692307693,0.038461538461538464,0.07692307692307693,0.19230769230769232,0.0,3.3461538461538463
10159,26.613333333333333,15,4.142857142857143,4.285714285714286,0.6111111111111112,0.0,0.2777777777777778,0.05555555555555555,0.05555555555555555,0.0,2.611111111111111
101700,34.17777777777778,18,4.666666666666667,5.0,0.7894736842105263,0.0,0.05263157894736842,0.15789473684210525,0.0,0.0,2.736842105263158
101710,35.80769230769231,13,3.6666666666666665,4.5,0.7142857142857143,0.0,0.14285714285714285,0.07142857142857142,0.07142857142857142,0.0,3.142857142857143
101712,39.25833333333333,24,4.222222222222222,4.111111111111111,0.7037037037037037,0.0,0.037037037037037035,0.25925925925925924,0.0,0.0,2.925925925925926
101830,37.089999999999996,20,4.833333333333333,4.666666666666667,0.38095238095238093,0.09523809523809523,0.09523809523809523,0.23809523809523808,0.19047619047619047,0.0,3.2857142857142856
101942,35.676811594202896,69,4.0,4.318181818181818,0.43243243243243246,0.013513513513513514,0.0945945945945946,0.20270270270270271,0.22972972972972974,0.02702702702702703,2.9594594594594597
101984,44.44285714285714,14,3.5555555555555554,4.0,0.5,0.1875,0.0625,0.0,0.1875,0.0625,3.0
102186,23.692857142857143,14,2.25,3.25,0.9333333333333333,0.0,0.06666666666666667,0.0,0.0,0.0,2.533333333333333
102590,41.91818181818182,11,3.769230769230769,4.076923076923077,0.47368421052631576,0.0,0.21052631578947367,0.21052631578947367,0.10526315789473684,0.0,3.210526315789474
103062,42.34,35,2.269230769230769,3.769230769230769,0.6410256410256411,0.15384615384615385,0.02564102564102564,0.05128205128205128,0.1282051282051282,0.0,3.2564102564102564
1032473,38.06,5,5.0,5.0,0.8333333333333334,0.0,0.16666666666666666,0.0,0.0,0.0,2.3333333333333335
103806,32.6,2,2.0,5.0,0.5,0.0,0.0,0.0,0.5,0.0,3.5
104360,32.11176470588235,17,4.833333333333333,4.5,0.8235294117647058,0.058823529411764705,0.0,0.058823529411764705,0.058823529411764705,0.0,2.823529411764706
104498,25.688888888888886,9,3.5,2.5,0.9090909090909091,0.09090909090909091,0.0,0.0,0.0,0.0,2.6363636363636362
1047907,34.689473684210526,19,3.4,4.333333333333333,0.875,0.0,0.041666666666666664,0.0,0.08333333333333333,0.0,2.5
104836,28.308333333333334,12,4.333333333333333,3.6666666666666665,0.6666666666666666,0.0,0.16666666666666666,0.08333333333333333,0.0,0.08333333333333333,2.8333333333333335
1050053,37.92,20,3.6666666666666665,4.888888888888889,0.85,0.0,0.05,0.1,0.0,0.0,2.35
10515,37.06666666666667,9,4.0,4.0,0.8461538461538461,0.0,0.0,0.07692307692307693,0.07692307692307693,0.0,2.0
105678,36.9,15,4.5,4.0,0.875,0.0,0.0625,0.0,0.0625,0.0,3.125
105728,39.33555555555555,90,4.6,4.4,0.6979166666666666,0.0,0.09375,0.15625,0.041666666666666664,0.010416666666666666,2.2916666666666665
105953,26.2,4,5.0,5.0,1.0,0.0,0.0,0.0,0.0,0.0,2.0
106134,48.325,4,3.8,4.8,1.0,0.0,0.0,0.0,0.0,0.0,2.8
106167,36.913953488372094,43,4.0,4.0,0.43478260869565216,0.0,0.13043478260869565,0.1956521739130435,0.2391304347826087,0.0,3.217391304347826
106824,28.15,10,4.5,3.0,0.9,0.0,0.0,0.1,0.0,0.0,2.5
106996,27.101052631578945,95,4.4,4.24,0.6666666666666666,0.00980392156862745,0.09803921568627451,0.11764705882352941,0.06862745098039216,0.0392156862745098,2.7450980392156863
1070485,31.058823529411764,17,4.666666666666667,4.111111111111111,0.6842105263157895,0.0,0.10526315789473684,0.10526315789473684,0.10526315789473684,0.0,2.6315789473684212
107360,38.31304347826087,46,3.6666666666666665,4.523809523809524,0.5384615384615384,0.07692307692307693,0.09615384615384616,0.15384615384615385,0.1346153846153846,0.0,2.8461538461538463
107422,32.305,20,4.8,4.6,0.6363636363636364,0.0,0.09090909090909091,0.18181818181818182,0.045454545454545456,0.045454545454545456,2.4545454545454546
107920,24.76842105263158,19,4.0,4.555555555555555,0.8181818181818182,0.0,0.045454545454545456,0.13636363636363635,0.0,0.0,2.409090909090909
10814,36.50909090909091,44,4.666666666666667,4.266666666666667,0.7111111111111111,0.0,0.2222222222222222,0.022222222222222223,0.044444444444444446,0.0,2.7777777777777777
108660,29.325,68,3.206896551724138,4.137931034482759,0.6829268292682927,0.0975609756097561,0.06097560975609756,0.0975609756097561,0.04878048780487805,0.012195121951219513,2.2439024390243905
109276,24.799999999999997,4,4.0,4.0,0.0,0.0,0.5,0.25,0.25,0.0,3.25
109476,35.171052631578945,38,4.0,4.818181818181818,0.7,0.0,0.05,0.15,0.05,0.05,2.75
1098645,42.0,3,2.5,4.5,0.3333333333333333,0.0,0.3333333333333333,0.0,0.0,0.3333333333333333,2.6666666666666665
1101244,40.29772727272727,44,4.24,4.28,0.8461538461538461,0.038461538461538464,0.0,0.07692307692307693,0.019230769230769232,0.019230769230769232,2.5384615384615383
1102342,50.81808510638297,94,4.631578947368421,4.526315789473684,0.4752475247524752,0.0297029702970297,0.0297029702970297,0.26732673267326734,0.1782178217821782,0.019801980198019802,3.3267326732673266
1102628,44.18490566037736,53,4.136363636363637,4.7727272727272725,0.6551724137931034,0.034482758620689655,0.034482758620689655,0.10344827586206896,0.1724137931034483,0.0,2.810344827586207
1102636,43.334666666666664,75,3.659090909090909,4.613636363636363,0.5822784810126582,0.0379746835443038,0.02531645569620253,0.21518987341772153,0.13924050632911392,0.0,2.6202531645569622
1102674,46.371428571428574,35,3.2222222222222223,4.111111111111111,0.4166666666666667,0.05555555555555555,0.027777777777777776,0.3611111111111111,0.1388888888888889,0.0,2.8055555555555554
1102774,43.77222222222222,18,4.625,4.375,0.5714285714285714,0.047619047619047616,0.0,0.38095238095238093,0.0,0.0,2.5714285714285716
1102783,28.722727272727273,22,4.384615384615385,4.230769230769231,0.46153846153846156,0.038461538461538464,0.07692307692307693,0.11538461538461539,0.23076923076923078,0.07692307692307693,2.3846153846153846
1102793,39.62,10,5.0,4.5,0.8333333333333334,0.08333333333333333,0.0,0.08333333333333333,0.0,0.0,2.8333333333333335
1102800,40.721538461538465,65,4.666666666666667,4.666666666666667,0.6282051282051282,0.01282051282051282,0.05128205128205128,0.19230769230769232,0.11538461538461539,0.0,3.0256410256410255
1103034,41.018181818181816,11,5.0,5.0,0.8181818181818182,0.0,0.0,0.18181818181818182,0.0,0.0,3.1818181818181817
1103723,35.309090909090905,11,4.5,4.5,0.34782608695652173,0.0,0.0,0.6086956521739131,0.043478260869565216,0.0,3.4782608695652173
110428,36.81,10,4.8,4.6,0.4666666666666667,0.0,0.06666666666666667,0.26666666666666666,0.0,0.2,2.2666666666666666
110528,50.4125,40,4.3125,4.4375,0.5777777777777777,0.022222222222222223,0.044444444444444446,0.24444444444444444,0.1111111111111111,0.0,3.2666666666666666
1105434,39.33,10,4.166666666666667,4.5,1.0,0.0,0.0,0.0,0.0,0.0,2.3333333333333335
1106427,30.099999999999998,9,4.5,5.0,0.9166666666666666,0.0,0.08333333333333333,0.0,0.0,0.0,2.5
1108692,40.093333333333334,15,3.0,4.6,1.0,0.0,0.0,0.0,0.0,0.0,2.888888888888889
110926,35.44444444444444,9,5.0,4.666666666666667,1.0,0.0,0.0,0.0,0.0,0.0,2.6666666666666665
110974,41.983333333333334,18,5.0,4.833333333333333,0.8,0.0,0.1,0.05,0.05,0.0,2.6
110976,33.15909090909091,22,4.8,5.0,0.8181818181818182,0.0,0.13636363636363635,0.045454545454545456,0.0,0.0,2.6363636363636362
1110,42.41794871794872,39,4.444444444444445,4.555555555555555,0.926829268292683,0.0,0.0,0.04878048780487805,0.024390243902439025,0.0,2.8292682926829267
111278,36.3,14,5.0,5.0,0.4666666666666667,0.0,0.2,0.13333333333333333,0.0,0.2,2.533333333333333
1113852,32.464,25,4.230769230769231,4.230769230769231,0.7307692307692307,0.11538461538461539,0.038461538461538464,0.07692307692307693,0.038461538461538464,0.0,2.5384615384615383
1113854,29.642105263157898,19,4.6,4.4,0.6923076923076923,0.038461538461538464,0.07692307692307693,0.11538461538461539,0.07692307692307693,0.0,2.923076923076923
111476,40.71041666666667,48,4.105263157894737,4.157894736842105,0.68,0.0,0.14,0.06,0.12,0.0,2.54
1116093,32.22295081967213,61,4.448275862068965,4.275862068965517,0.7714285714285715,0.014285714285714285,0.1,0.04285714285714286,0.04285714285714286,0.02857142857142857,2.4857142857142858
1116224,29.823529411764707,17,4.142857142857143,4.285714285714286,0.7777777777777778,0.0,0.05555555555555555,0.0,0.05555555555555555,0.1111111111111111,3.0555555555555554
1116226,32.77777777777778,9,3.857142857142857,4.428571428571429,0.9090909090909091,0.0,0.09090909090909091,0.0,0.0,0.0,2.6363636363636362
1117717,32.69,10,4.6,5.0,0.5454545454545454,0.09090909090909091,0.09090909090909091,0.18181818181818182,0.09090909090909091,0.0,2.5454545454545454
1117890,38.86060606060607,33,4.0,4.384615384615385,0.6857142857142857,0.02857142857142857,0.02857142857142857,0.11428571428571428,0.11428571428571428,0.02857142857142857,2.657142857142857
1118057,43.15,24,4.5,4.357142857142857,0.6071428571428571,0.10714285714285714,0.07142857142857142,0.14285714285714285,0.07142857142857142,0.0,2.5714285714285716
1118298,41.36486486486486,37,3.7,4.2,0.9411764705882353,0.0,0.0196078431372549,0.0,0.0392156862745098,0.0,2.7058823529411766
1119382,35.142920353982305,226,4.023041474654378,4.170506912442396,0.9054441260744985,0.012893982808022923,0.0329512893982808,0.03151862464183381,0.01002865329512894,0.0071633237822349575,2.644699140401146
111980,25.976190476190474,84,4.255813953488372,4.255813953488372,0.7415730337078652,0.033707865168539325,0.06741573033707865,0.0898876404494382,0.06741573033707865,0.0,2.640449438202247
112086,34.257894736842104,19,4.375,4.375,0.75,0.05,0.1,0.05,0.0,0.05,3.1
1122221,49.23157894736842,76,4.076923076923077,4.410256410256411,0.6344086021505376,0.021505376344086023,0.06451612903225806,0.17204301075268819,0.10752688172043011,0.0,3.172043010752688
11238,34.464999999999996,40,4.0625,4.125,0.8809523809523809,0.0,0.07142857142857142,0.0,0.023809523809523808,0.023809523809523808,2.642857142857143
112680,50.46666666666666,54,3.473684210526316,4.2631578947368425,0.6666666666666666,0.018518518518518517,0.018518518518518517,0.16666666666666666,0.12962962962962962,0.0,3.5925925925925926
1126898,41.132558139534886,43,4.4,4.666666666666667,0.5909090909090909,0.09090909090909091,0.045454545454545456,0.1590909090909091,0.11363636363636363,0.0,3.0454545454545454
1127925,41.83428571428571,35,5.0,4.666666666666667,0.6285714285714286,0.02857142857142857,0.08571428571428572,0.14285714285714285,0.11428571428571428,0.0,2.7142857142857144
1128077,35.51315789473684,38,3.5,4.107142857142857,0.5238095238095238,0.0,0.07142857142857142,0.2619047619047619,0.14285714285714285,0.0,2.5952380952380953
1128364,45.94666666666667,30,3.923076923076923,4.3076923076923075,0.5945945945945946,0.05405405405405406,0.05405405405405406,0.13513513513513514,0.13513513513513514,0.02702702702702703,3.4054054054054053
112846,38.94210526315789,19,3.6363636363636362,4.818181818181818,0.5909090909090909,0.22727272727272727,0.0,0.18181818181818182,0.0,0.0,3.4545454545454546
112893,34.785714285714285,42,4.615384615384615,4.769230769230769,0.6590909090909091,0.045454545454545456,0.045454545454545456,0.18181818181818182,0.06818181818181818,0.0,3.090909090909091
113124,43.225,12,4.8,5.0,1.0,0.0,0.0,0.0,0.0,0.0,2.9166666666666665
1132918,46.145833333333336,24,3.4166666666666665,4.416666666666667,0.5384615384615384,0.19230769230769232,0.038461538461538464,0.11538461538461539,0.11538461538461539,0.0,2.6538461538461537
113293,37.105000000000004,40,3.5925925925925926,3.925925925925926,0.6739130434782609,0.06521739130434782,0.021739130434782608,0.2391304347826087,0.0,0.0,2.4782608695652173
1134235,27.991666666666664,24,3.75,3.875,0.96,0.0,0.0,0.04,0.0,0.0,2.44
113455,32.10952380952381,21,3.5454545454545454,4.545454545454546,0.8076923076923077,0.0,0.038461538461538464,0.11538461538461539,0.0,0.038461538461538464,3.076923076923077
1136142,44.54818181818182,110,4.133333333333334,3.8,0.6031746031746031,0.0,0.07936507936507936,0.11904761904761904,0.19047619047619047,0.007936507936507936,2.9126984126984126
113687,32.223076923076924,13,2.0,3.7142857142857144,0.7142857142857143,0.07142857142857142,0.0,0.14285714285714285,0.07142857142857142,0.0,3.2857142857142856
1137717,42.62380952380953,21,4.5,5.0,0.6521739130434783,0.0,0.043478260869565216,0.17391304347826086,0.13043478260869565,0.0,3.130434782608696
113813,44.15,12,3.5555555555555554,4.555555555555555,0.8461538461538461,0.0,0.07692307692307693,0.0,0.0,0.07692307692307693,2.3076923076923075
113937,38.733333333333334,6,4.5,4.333333333333333,0.8,0.0,0.1,0.1,0.0,0.0,2.6
1139692,42.96666666666667,12,3.7,4.0,0.7058823529411765,0.0,0.0,0.29411764705882354,0.0,0.0,2.235294117647059
114286,43.55094339622641,53,4.0,3.6,0.875,0.0,0.03571428571428571,0.05357142857142857,0.03571428571428571,0.0,3.357142857142857
11452,44.507999999999996,75,4.5,4.666666666666667,0.5333333333333333,0.08,0.04,0.06666666666666667,0.26666666666666666,0.013333333333333334,2.8933333333333335
114616,35.62,25,3.642857142857143,3.7857142857142856,0.6785714285714286,0.0,0.10714285714285714,0.07142857142857142,0.14285714285714285,0.0,2.857142857142857
1152636,39.06,40,4.636363636363637,4.636363636363637,0.6222222222222222,0.022222222222222223,0.044444444444444446,0.2222222222222222,0.06666666666666667,0.022222222222222223,3.577777777777778
115374,39.43571428571429,14,4.0,4.666666666666667,0.7894736842105263,0.0,0.05263157894736842,0.0,0.10526315789473684,0.05263157894736842,2.263157894736842
11554,47.64,20,4.0,4.538461538461538,0.4583333333333333,0.125,0.041666666666666664,0.20833333333333334,0.125,0.041666666666666664,2.7083333333333335
115582,46.63552631578948,76,3.7567567567567566,4.297297297297297,0.6419753086419753,0.024691358024691357,0.04938271604938271,0.14814814814814814,0.13580246913580246,0.0,2.876543209876543
1155950,27.620754716981132,53,4.090909090909091,3.9393939393939394,0.9107142857142857,0.0,0.0,0.0,0.03571428571428571,0.05357142857142857,2.4107142857142856
115728,42.147761194029854,67,3.816326530612245,4.26530612244898,0.6363636363636364,0.03896103896103896,0.05194805194805195,0.15584415584415584,0.11688311688311688,0.0,2.675324675324675
1159854,42.12608695652174,23,4.0,4.3125,0.4782608695652174,0.13043478260869565,0.08695652173913043,0.043478260869565216,0.2608695652173913,0.0,2.9130434782608696
1160123,34.844,25,4.4,3.6,0.75,0.03571428571428571,0.03571428571428571,0.14285714285714285,0.0,0.03571428571428571,2.5
116066,39.345454545454544,11,5.0,5.0,0.7692307692307693,0.0,0.07692307692307693,0.07692307692307693,0.07692307692307693,0.0,2.6923076923076925
1161428,33.255,20,4.0,4.384615384615385,0.7619047619047619,0.0,0.047619047619047616,0.047619047619047616,0.09523809523809523,0.047619047619047616,2.619047619047619
1161839,48.43,30,4.6,4.6,0.45161290322580644,0.06451612903225806,0.06451612903225806,0.22580645161290322,0.1935483870967742,0.0,3.7419354838709675
116432,28.5,2,4.25,4.5,1.0,0.0,0.0,0.0,0.0,0.0,1.75
1164656,41.673770491803275,61,4.533333333333333,4.6,0.6119402985074627,0.029850746268656716,0.014925373134328358,0.1791044776119403,0.16417910447761194,0.0,3.4925373134328357
1165300,35.621875,32,4.266666666666667,4.333333333333333,1.0,0.0,0.0,0.0,0.0,0.0,2.5757575757575757
1166783,36.87,10,4.333333333333333,3.6666666666666665,0.36363636363636365,0.2727272727272727,0.09090909090909091,0.18181818181818182,0.09090909090909091,0.0,3.0
1167288,32.86,5,3.0,3.0,1.0,0.0,0.0,0.0,0.0,0.0,2.1666666666666665
116770,40.656410256410254,39,3.6296296296296298,4.296296296296297,0.4489795918367347,0.04081632653061224,0.10204081632653061,0.24489795918367346,0.10204081632653061,0.061224489795918366,2.3877551020408165
1167817,39.403703703703705,27,4.8,4.8,0.6060606060606061,0.06060606060606061,0.06060606060606061,0.12121212121212122,0.15151515151515152,0.0,3.1818181818181817
1167859,31.666666666666668,9,3.5,4.25,0.8333333333333334,0.0,0.0,0.08333333333333333,0.08333333333333333,0.0,2.75
116868,39.74166666666667,24,3.888888888888889,4.222222222222222,0.6428571428571429,0.03571428571428571,0.10714285714285714,0.10714285714285714,0.10714285714285714,0.0,3.3214285714285716
116870,41.36842105263158,19,4.444444444444445,4.555555555555555,0.65,0.0,0.05,0.1,0.2,0.0,3.15
117022,40.705263157894734,19,4.75,4.25,0.7142857142857143,0.14285714285714285,0.047619047619047616,0.047619047619047616,0.047619047619047616,0.0,2.380952380952381
11730,38.30277777777778,36,3.7058823529411766,3.823529411764706,1.0,0.0,0.0,0.0,0.0,0.0,2.973684210526316
117532,42.705882352941174,17,4.0,4.5,0.9655172413793104,0.0,0.0,0.034482758620689655,0.0,0.0,2.3793103448275863
1178662,40.9,43,4.380952380952381,4.571428571428571,0.5909090909090909,0.022727272727272728,0.022727272727272728,0.22727272727272727,0.11363636363636363,0.022727272727272728,3.090909090909091
118002,42.4,25,4.0,4.363636363636363,0.4444444444444444,0.1111111111111111,0.037037037037037035,0.2222222222222222,0.14814814814814814,0.037037037037037035,2.5925925925925926
1181115,30.819565217391304,46,4.090909090909091,4.2727272727272725,0.6415094339622641,0.018867924528301886,0.09433962264150944,0.1509433962264151,0.05660377358490566,0.03773584905660377,2.830188679245283
1181327,42.150000000000006,18,4.166666666666667,4.333333333333333,0.7,0.05,0.05,0.1,0.05,0.05,3.2
118336,39.11153846153846,26,4.875,4.625,0.6333333333333333,0.1,0.03333333333333333,0.06666666666666667,0.16666666666666666,0.0,3.0
118420,45.91269841269841,63,4.481481481481482,4.555555555555555,0.6764705882352942,0.014705882352941176,0.0,0.10294117647058823,0.19117647058823528,0.014705882352941176,3.0
118468,44.695,20,3.9,4.5,0.45,0.05,0.1,0.2,0.15,0.05,3.15
1184949,42.425,4,5.0,4.5,1.0,0.0,0.0,0.0,0.0,0.0,3.5
1185556,34.39555555555555,45,4.2105263157894735,4.052631578947368,0.94,0.0,0.0,0.04,0.02,0.0,2.54
1186930,35.98571428571429,28,4.571428571428571,5.0,0.875,0.0,0.0,0.0625,0.03125,0.03125,2.40625
1187671,33.2,20,3.4615384615384617,4.230769230769231,0.5238095238095238,0.0,0.047619047619047616,0.23809523809523808,0.19047619047619047,0.0,2.619047619047619
1188468,33.775757575757574,33,3.8421052631578947,4.368421052631579,0.7714285714285715,0.0,0.08571428571428572,0.11428571428571428,0.02857142857142857,0.0,2.2285714285714286
118994,27.736363636363638,22,4.583333333333333,4.75,0.75,0.08333333333333333,0.125,0.041666666666666664,0.0,0.0,2.5416666666666665
1190071,34.21666666666667,66,3.8292682926829267,3.951219512195122,0.5882352941176471,0.058823529411764705,0.014705882352941176,0.3088235294117647,0.029411764705882353,0.0,2.838235294117647
1190145,27.7,6,5.0,5.0,0.8333333333333334,0.0,0.0,0.0,0.16666666666666666,0.0,3.1666666666666665
1190311,33.38125,16,4.666666666666667,4.0,0.9411764705882353,0.0,0.0,0.0,0.058823529411764705,0.0,2.5294117647058822
1190440,48.260000000000005,10,4.75,4.5,0.6666666666666666,0.0,0.0,0.25,0.08333333333333333,0.0,3.1666666666666665
1191018,43.959375,32,3.625,4.125,0.4,0.08571428571428572,0.02857142857142857,0.2,0.2571428571428571,0.02857142857142857,2.8285714285714287
1191217,46.37,10,4.166666666666667,4.333333333333333,0.6666666666666666,0.0,0.0,0.06666666666666667,0.2,0.06666666666666667,2.8
1191221,35.5,19,4.25,4.125,0.6,0.1,0.0,0.2,0.1,0.0,2.4
1191224,37.044444444444444,9,4.75,4.25,0.7,0.0,0.1,0.1,0.1,0.0,3.0
1191268,32.32222222222222,9,3.6666666666666665,3.3333333333333335,0.6363636363636364,0.0,0.09090909090909091,0.18181818181818182,0.09090909090909091,0.0,2.4545454545454546
1191646,34.34166666666667,24,5.0,4.8,0.8846153846153846,0.0,0.0,0.038461538461538464,0.0,0.07692307692307693,2.923076923076923
119321,30.310000000000002,10,4.428571428571429,4.714285714285714,0.8461538461538461,0.0,0.07692307692307693,0.07692307692307693,0.0,0.0,2.230769230769231
1193782,30.678947368421053,19,5.0,5.0,0.95,0.0,0.05,0.0,0.0,0.0,2.3
120018,38.176785714285714,56,5.0,5.0,0.7868852459016393,0.0,0.06557377049180328,0.03278688524590164,0.08196721311475409,0.03278688524590164,2.4918032786885247
1203177,31.07,10,3.857142857142857,3.4285714285714284,0.5833333333333334,0.0,0.08333333333333333,0.08333333333333333,0.16666666666666666,0.08333333333333333,3.3333333333333335
1203424,43.009375,32,5.0,4.5,0.78125,0.0,0.09375,0.125,0.0,0.0,2.53125
120385,46.768571428571434,35,4.5,4.4375,0.65,0.1,0.05,0.075,0.125,0.0,3.1
1204325,37.15,20,4.5,4.75,0.782608695652174,0.0,0.0,0.17391304347826086,0.043478260869565216,0.0,2.6956521739130435
1204896,40.37692307692308,13,2.5714285714285716,4.428571428571429,0.7142857142857143,0.0,0.14285714285714285,0.14285714285714285,0.0,0.0,3.0
1205617,32.81111111111111,9,5.0,5.0,0.9,0.0,0.1,0.0,0.0,0.0,2.3
1205761,38.78648648648648,37,3.5714285714285716,4.285714285714286,0.8,0.05,0.025,0.05,0.05,0.025,2.45
1206881,36.60909090909091,11,3.125,3.625,1.0,0.0,0.0,0.0,0.0,0.0,2.3333333333333335
120920,36.24444444444445,27,3.25,3.6666666666666665,0.8518518518518519,0.0,0.0,0.14814814814814814,0.0,0.0,2.185185185185185
120932,36.02727272727273,11,4.166666666666667,4.5,1.0,0.0,0.0,0.0,0.0,0.0,2.272727272727273
121189,44.29090909090909,11,5.0,5.0,0.5333333333333333,0.0,0.13333333333333333,0.13333333333333333,0.06666666666666667,0.13333333333333333,2.4
1214055,36.59428571428571,35,3.823529411764706,4.411764705882353,0.8205128205128205,0.0,0.07692307692307693,0.02564102564102564,0.05128205128205128,0.02564102564102564,2.4871794871794872
1214936,48.64883720930233,43,4.0625,4.5,0.5714285714285714,0.02040816326530612,0.02040816326530612,0.3469387755102041,0.04081632653061224,0.0,3.163265306122449
1215466,41.63636363636363,11,3.0,3.2,0.9166666666666666,0.0,0.0,0.08333333333333333,0.0,0.0,3.0833333333333335
121636,41.09090909090909,22,4.5,4.5,0.5416666666666666,0.08333333333333333,0.041666666666666664,0.20833333333333334,0.125,0.0,2.7916666666666665
121794,35.96666666666667,9,4.5,4.75,0.7,0.0,0.0,0.1,0.2,0.0,2.6
122330,39.663636363636364,22,4.222222222222222,4.555555555555555,0.4583333333333333,0.041666666666666664,0.041666666666666664,0.2916666666666667,0.125,0.041666666666666664,3.25
122536,20.740000000000002,10,3.6666666666666665,4.333333333333333,0.9166666666666666,0.08333333333333333,0.0,0.0,0.0,0.0,2.3333333333333335
122845,44.66615384615385,65,4.411764705882353,4.529411764705882,0.647887323943662,0.056338028169014086,0.04225352112676056,0.1267605633802817,0.1267605633802817,0.0,2.915492957746479
12313,54.96521739130435,23,4.285714285714286,4.714285714285714,0.7241379310344828,0.034482758620689655,0.034482758620689655,0.1724137931034483,0.034482758620689655,0.0,3.0
123429,42.71864406779661,59,4.172413793103448,4.344827586206897,0.72,0.05333333333333334,0.013333333333333334,0.12,0.09333333333333334,0.0,2.533333333333333
1257566,34.95454545454545,22,4.285714285714286,4.857142857142857,0.8181818181818182,0.0,0.045454545454545456,0.045454545454545456,0.09090909090909091,0.0,3.4545454545454546
1258024,25.147727272727273,44,3.782608695652174,3.9130434782608696,0.7446808510638298,0.02127659574468085,0.0851063829787234,0.06382978723404255,0.06382978723404255,0.02127659574468085,2.851063829787234
1258063,25.6125,8,4.5,4.5,0.875,0.125,0.0,0.0,0.0,0.0,1.875
12581,52.06111111111111,72,4.7,4.6,0.5733333333333334,0.013333333333333334,0.05333333333333334,0.18666666666666668,0.16,0.013333333333333334,3.04
1258851,36.143478260869564,23,3.6666666666666665,4.333333333333333,0.9230769230769231,0.0,0.0,0.0,0.07692307692307693,0.0,2.6153846153846154
1258875,38.17272727272727,11,3.6666666666666665,3.1666666666666665,0.8461538461538461,0.0,0.0,0.07692307692307693,0.0,0.07692307692307693,3.076923076923077
1259035,30.733333333333334,9,4.75,5.0,0.8888888888888888,0.0,0.0,0.1111111111111111,0.0,0.0,2.888888888888889
1260352,32.61333333333333,30,3.6923076923076925,3.8461538461538463,0.8387096774193549,0.0,0.03225806451612903,0.0967741935483871,0.03225806451612903,0.0,2.806451612903226
1260461,32.25714285714286,7,4.0,4.25,0.5714285714285714,0.14285714285714285,0.0,0.2857142857142857,0.0,0.0,2.7142857142857144
1260475,28.3,7,3.5714285714285716,4.0,0.7142857142857143,0.0,0.14285714285714285,0.0,0.14285714285714285,0.0,2.4285714285714284
1261,44.849999999999994,18,4.25,4.625,0.9047619047619048,0.0,0.047619047619047616,0.0,0.047619047619047616,0.0,2.3333333333333335
1265146,35.55714285714286,21,4.066666666666666,4.066666666666666,0.782608695652174,0.0,0.0,0.21739130434782608,0.0,0.0,2.739130434782609
1265453,31.182608695652174,23,3.0952380952380953,4.333333333333333,0.6923076923076923,0.0,0.07692307692307693,0.11538461538461539,0.07692307692307693,0.038461538461538464,2.6538461538461537
1266540,37.225,32,4.181818181818182,4.090909090909091,0.975609756097561,0.0,0.0,0.0,0.024390243902439025,0.0,2.357142857142857
1267543,37.733333333333334,33,4.125,3.875,0.6666666666666666,0.030303030303030304,0.06060606060606061,0.18181818181818182,0.06060606060606061,0.0,2.3333333333333335
1269545,37.355555555555554,18,4.222222222222222,3.7777777777777777,0.5555555555555556,0.05555555555555555,0.05555555555555555,0.16666666666666666,0.16666666666666666,0.0,2.3333333333333335
1269969,29.00714285714286,14,4.363636363636363,4.818181818181818,0.5238095238095238,0.09523809523809523,0.047619047619047616,0.2857142857142857,0.0,0.047619047619047616,2.5714285714285716
1269970,26.85151515151515,33,3.7333333333333334,4.266666666666667,0.36363636363636365,0.15151515151515152,0.0,0.48484848484848486,0.0,0.0,2.5454545454545454
127,48.95294117647059,85,4.0476190476190474,4.333333333333333,0.6534653465346535,0.0891089108910891,0.0297029702970297,0.10891089108910891,0.1188118811881188,0.0,3.623762376237624
1270472,38.81428571428571,14,4.0,4.0,0.5294117647058824,0.058823529411764705,0.058823529411764705,0.29411764705882354,0.058823529411764705,0.0,3.764705882352941
1270538,41.33888888888889,18,4.666666666666667,4.833333333333333,0.5789473684210527,0.05263157894736842,0.05263157894736842,0.15789473684210525,0.10526315789473684,0.05263157894736842,3.5789473684210527
1270596,37.689655172413794,29,4.444444444444445,4.222222222222222,0.6060606060606061,0.0,0.030303030303030304,0.09090909090909091,0.2727272727272727,0.0,3.393939393939394
12710,50.26262626262626,99,3.689655172413793,4.551724137931035,0.6296296296296297,0.027777777777777776,0.046296296296296294,0.18518518518518517,0.1111111111111111,0.0,3.287037037037037
1272012,50.49090909090909,22,4.545454545454546,4.7272727272727275,0.68,0.04,0.04,0.16,0.08,0.0,3.16
1272079,44.71875,16,3.6666666666666665,4.666666666666667,0.6111111111111112,0.1111111111111111,0.05555555555555555,0.1111111111111111,0.1111111111111111,0.0,3.1666666666666665
1279016,30.636,25,4.384615384615385,4.615384615384615,0.8846153846153846,0.0,0.0,0.07692307692307693,0.0,0.038461538461538464,2.3076923076923075
1279023,43.95294117647059,17,4.6,4.6,0.7222222222222222,0.0,0.1111111111111111,0.05555555555555555,0.05555555555555555,0.05555555555555555,3.2777777777777777
1279527,26.47246376811594,69,4.142857142857143,4.228571428571429,0.8285714285714286,0.02857142857142857,0.05714285714285714,0.04285714285714286,0.014285714285714285,0.02857142857142857,2.442857142857143
1279551,30.916666666666668,24,4.333333333333333,4.777777777777778,0.9230769230769231,0.0,0.0,0.07692307692307693,0.0,0.0,2.3846153846153846
1280431,43.67333333333333,30,4.5,4.5,0.53125,0.03125,0.03125,0.25,0.15625,0.0,2.84375
1282899,34.8,8,3.6,4.0,0.625,0.0,0.0,0.0,0.375,0.0,3.0
1283028,37.45238095238095,21,4.444444444444445,4.222222222222222,0.8,0.1,0.0,0.05,0.05,0.0,2.35
12837,51.581818181818186,33,4.25,4.25,0.6666666666666666,0.02564102564102564,0.0,0.20512820512820512,0.10256410256410256,0.0,3.4358974358974357
1286732,36.93333333333333,36,4.230769230769231,4.384615384615385,0.7297297297297297,0.02702702702702703,0.05405405405405406,0.13513513513513514,0.02702702702702703,0.02702702702702703,2.6486486486486487
1288002,49.561904761904756,21,5.0,4.0,1.0,0.0,0.0,0.0,0.0,0.0,3.3636363636363638
1288839,35.19666666666667,30,3.8,4.733333333333333,0.53125,0.03125,0.125,0.1875,0.09375,0.03125,2.375
1292727,36.72272727272727,44,4.454545454545454,4.545454545454546,0.6666666666666666,0.041666666666666664,0.0625,0.125,0.08333333333333333,0.020833333333333332,2.8125
1292900,31.341129032258067,124,4.178571428571429,4.321428571428571,0.9328859060402684,0.006711409395973154,0.026845637583892617,0.020134228187919462,0.006711409395973154,0.006711409395973154,2.771812080536913
12946,58.525,48,3.8181818181818183,4.454545454545454,0.6078431372549019,0.0,0.0,0.19607843137254902,0.19607843137254902,0.0,3.4901960784313726
1299927,38.945454545454545,11,4.5,4.5,0.6666666666666666,0.08333333333333333,0.08333333333333333,0.08333333333333333,0.0,0.08333333333333333,3.4166666666666665
1300284,24.666666666666668,9,4.5,4.5,0.9,0.1,0.0,0.0,0.0,0.0,2.5
1304525,35.43636363636364,11,2.6666666666666665,3.0,1.0,0.0,0.0,0.0,0.0,0.0,2.272727272727273
1306689,30.82972972972973,37,3.8333333333333335,4.083333333333333,0.7608695652173914,0.0,0.15217391304347827,0.06521739130434782,0.021739130434782608,0.0,2.6956521739130435
1308208,34.54666666666667,15,2.6666666666666665,3.6666666666666665,0.8125,0.0,0.0,0.0625,0.125,0.0,2.875
1310955,41.18571428571428,21,4.125,4.75,0.6521739130434783,0.043478260869565216,0.0,0.2608695652173913,0.043478260869565216,0.0,2.782608695652174
1312023,33.71666666666666,12,4.666666666666667,5.0,0.6,0.0,0.1,0.3,0.0,0.0,2.5
1313042,33.85357142857143,28,4.538461538461538,4.153846153846154,0.7931034482758621,0.034482758620689655,0.034482758620689655,0.06896551724137931,0.06896551724137931,0.0,2.6551724137931036
1313361,37.240625,32,4.7,4.4,0.78125,0.03125,0.0625,0.09375,0.03125,0.0,2.59375
1313407,36.672413793103445,29,4.7272727272727275,4.363636363636363,0.5714285714285714,0.03571428571428571,0.07142857142857142,0.17857142857142858,0.10714285714285714,0.03571428571428571,3.107142857142857
1314243,37.43,40,4.2631578947368425,4.421052631578948,0.5952380952380952,0.09523809523809523,0.14285714285714285,0.047619047619047616,0.047619047619047616,0.07142857142857142,2.5714285714285716
1315444,34.55714285714286,7,5.0,4.333333333333333,0.8571428571428571,0.0,0.0,0.14285714285714285,0.0,0.0,3.142857142857143
1318224,34.71176470588235,17,4.75,4.375,0.8,0.1,0.05,0.0,0.0,0.05,3.0
13216,51.49655172413794,29,4.3076923076923075,4.461538461538462,0.7241379310344828,0.034482758620689655,0.0,0.1724137931034483,0.06896551724137931,0.0,3.2413793103448274
1322390,26.26851851851852,54,4.0,4.088235294117647,0.8793103448275862,0.017241379310344827,0.017241379310344827,0.034482758620689655,0.034482758620689655,0.017241379310344827,2.793103448275862
1322665,32.08421052631579,19,4.5,5.0,0.7894736842105263,0.0,0.0,0.10526315789473684,0.05263157894736842,0.05263157894736842,3.0526315789473686
1323876,32.127272727272725,11,5.0,5.0,0.9090909090909091,0.0,0.09090909090909091,0.0,0.0,0.0,3.727272727272727
1327439,34.016666666666666,6,5.0,4.333333333333333,1.0,0.0,0.0,0.0,0.0,0.0,3.3333333333333335
13277,48.769999999999996,60,3.68,4.4,0.8095238095238095,0.015873015873015872,0.047619047619047616,0.06349206349206349,0.06349206349206349,0.0,2.9365079365079363
1328954,34.318604651162794,43,4.206896551724138,4.344827586206897,0.8649789029535865,0.008438818565400843,0.06751054852320675,0.03375527426160337,0.016877637130801686,0.008438818565400843,2.780590717299578
1330347,43.29705882352941,34,4.125,4.375,0.6578947368421053,0.05263157894736842,0.0,0.21052631578947367,0.02631578947368421,0.05263157894736842,2.789473684210526
1330352,32.291666666666664,24,4.555555555555555,4.333333333333333,0.5769230769230769,0.038461538461538464,0.15384615384615385,0.11538461538461539,0.11538461538461539,0.0,2.769230769230769
1330896,34.33529411764706,17,5.0,5.0,0.8235294117647058,0.0,0.0,0.058823529411764705,0.058823529411764705,0.058823529411764705,3.4705882352941178
1331611,36.095238095238095,21,4.111111111111111,4.222222222222222,0.6086956521739131,0.0,0.08695652173913043,0.13043478260869565,0.17391304347826086,0.0,2.6956521739130435
1332183,48.849999999999994,2,4.0,2.0,1.0,0.0,0.0,0.0,0.0,0.0,2.0
13401,42.8734375,64,4.2,4.36,0.6,0.04285714285714286,0.04285714285714286,0.17142857142857143,0.12857142857142856,0.014285714285714285,3.142857142857143
1341371,44.17142857142857,7,5.0,5.0,0.8571428571428571,0.14285714285714285,0.0,0.0,0.0,0.0,3.0
1342408,37.97894736842105,19,4.5,4.166666666666667,0.65,0.1,0.05,0.1,0.05,0.05,3.1
13446,44.731914893617024,94,4.423076923076923,4.6923076923076925,0.5588235294117647,0.06862745098039216,0.049019607843137254,0.22549019607843138,0.09803921568627451,0.0,3.4411764705882355
1349140,30.570833333333336,24,4.0,4.2,0.72,0.04,0.2,0.04,0.0,0.0,2.68
1351760,31.876923076923074,26,5.0,4.5,0.41935483870967744,0.0967741935483871,0.22580645161290322,0.1935483870967742,0.06451612903225806,0.0,2.3225806451612905
13595,48.35609756097561,123,4.5625,4.25,0.6838235294117647,0.014705882352941176,0.03676470588235294,0.11029411764705882,0.15441176470588236,0.0,3.1176470588235294
1364849,39.76111111111111,18,3.6666666666666665,3.6666666666666665,0.8571428571428571,0.0,0.0,0.09523809523809523,0.047619047619047616,0.0,3.0952380952380953
13717,53.36833333333333,120,4.388888888888889,4.638888888888889,0.6861313868613139,0.021897810218978103,0.051094890510948905,0.18248175182481752,0.058394160583941604,0.0,3.18978102189781
1376000,40.1875,8,4.0,4.0,0.75,0.0,0.0,0.25,0.0,0.0,2.875
1376131,32.03125,16,4.571428571428571,4.571428571428571,0.5294117647058824,0.058823529411764705,0.11764705882352941,0.23529411764705882,0.058823529411764705,0.0,2.7058823529411766
1376181,35.10227272727273,44,4.5,4.2,0.7083333333333334,0.0625,0.0625,0.08333333333333333,0.0625,0.020833333333333332,2.7916666666666665
1377489,41.892857142857146,14,5.0,4.75,0.6428571428571429,0.07142857142857142,0.07142857142857142,0.07142857142857142,0.14285714285714285,0.0,2.0714285714285716
1377509,37.2625,8,4.333333333333333,4.666666666666667,0.7,0.0,0.1,0.1,0.1,0.0,3.2
1378747,29.993333333333332,15,3.5714285714285716,4.714285714285714,0.8947368421052632,0.0,0.0,0.05263157894736842,0.05263157894736842,0.0,2.736842105263158
1379275,45.65,6,4.333333333333333,4.333333333333333,0.6666666666666666,0.16666666666666666,0.0,0.0,0.16666666666666666,0.0,2.8333333333333335
1379289,38.58,10,4.133333333333334,4.266666666666667,0.8717948717948718,0.0,0.05128205128205128,0.05128205128205128,0.02564102564102564,0.0,3.051282051282051
1382664,38.425,4,5.0,3.0,0.5714285714285714,0.0,0.2857142857142857,0.0,0.14285714285714285,0.0,2.857142857142857
1382883,37.67,10,5.0,5.0,1.0,0.0,0.0,0.0,0.0,0.0,3.2142857142857144
1385488,36.728571428571435,14,3.25,4.75,0.8235294117647058,0.0,0.0,0.11764705882352941,0.058823529411764705,0.0,2.823529411764706
1385942,33.625,16,4.8,4.2,0.9411764705882353,0.0,0.0,0.058823529411764705,0.0,0.0,2.411764705882353
13881,50.21951219512195,41,4.352941176470588,4.294117647058823,0.5813953488372093,0.0,0.046511627906976744,0.2558139534883721,0.11627906976744186,0.0,3.1627906976744184
13980,44.85625,32,4.0,4.2,0.6470588235294118,0.029411764705882353,0.029411764705882353,0.14705882352941177,0.14705882352941177,0.0,3.1470588235294117
1403526,28.93846153846154,13,4.285714285714286,4.285714285714286,0.8666666666666667,0.0,0.13333333333333333,0.0,0.0,0.0,2.466666666666667
1403868,38.9,3,4.5,5.0,1.0,0.0,0.0,0.0,0.0,0.0,3.6666666666666665
1403879,29.35,8,3.1666666666666665,4.5,1.0,0.0,0.0,0.0,0.0,0.0,3.0
1404126,28.811999999999998,25,3.909090909090909,4.090909090909091,0.9285714285714286,0.0,0.07142857142857142,0.0,0.0,0.0,2.607142857142857
1404253,47.25,10,5.0,5.0,0.5,0.0,0.0,0.2,0.3,0.0,3.0
1405629,29.46,5,5.0,3.5,0.6666666666666666,0.0,0.16666666666666666,0.16666666666666666,0.0,0.0,1.8333333333333333
14098,44.608108108108105,37,4.2105263157894735,4.421052631578948,0.6808510638297872,0.02127659574468085,0.0425531914893617,0.1276595744680851,0.1276595744680851,0.0,3.148936170212766
14137,38.56333333333334,30,3.68,4.2,0.7272727272727273,0.030303030303030304,0.0,0.18181818181818182,0.06060606060606061,0.0,3.0303030303030303
1420092,47.275000000000006,4,5.0,5.0,1.0,0.0,0.0,0.0,0.0,0.0,2.8
1420185,40.22941176470588,17,4.5,4.5,0.7777777777777778,0.0,0.05555555555555555,0.1111111111111111,0.05555555555555555,0.0,3.0555555555555554
14217,51.17088607594937,79,4.589743589743589,4.230769230769231,0.6555555555555556,0.0,0.044444444444444446,0.15555555555555556,0.13333333333333333,0.011111111111111112,3.6444444444444444
1422296,54.333333333333336,3,5.0,4.333333333333333,1.0,0.0,0.0,0.0,0.0,0.0,3.0
1427562,26.977777777777778,9,4.6,4.6,1.0,0.0,0.0,0.0,0.0,0.0,2.8461538461538463
1427745,35.51428571428572,21,4.333333333333333,4.333333333333333,0.7307692307692307,0.0,0.07692307692307693,0.07692307692307693,0.0,0.11538461538461539,2.6153846153846154
1443998,34.42,10,3.7142857142857144,3.857142857142857,0.9583333333333334,0.0,0.0,0.0,0.041666666666666664,0.0,2.625
1451148,35.47142857142857,21,4.25,4.625,0.5416666666666666,0.0,0.041666666666666664,0.16666666666666666,0.20833333333333334,0.041666666666666664,2.75
1452,43.68157894736842,76,4.285714285714286,4.387755102040816,0.6,0.011764705882352941,0.0,0.2,0.18823529411764706,0.0,2.988235294117647
1452880,36.042857142857144,21,4.333333333333333,4.333333333333333,1.0,0.0,0.0,0.0,0.0,0.0,2.4782608695652173
1458089,51.52,5,4.0,4.0,0.7142857142857143,0.0,0.14285714285714285,0.0,0.14285714285714285,0.0,2.0
1458091,40.925,8,3.5,4.0,0.75,0.125,0.0,0.125,0.0,0.0,2.5
14681,26.469565217391303,23,3.235294117647059,3.7058823529411766,1.0,0.0,0.0,0.0,0.0,0.0,2.5
1468729,20.475,4,3.6,3.6,1.0,0.0,0.0,0.0,0.0,0.0,2.8
1473094,28.933333333333334,3,5.0,5.0,1.0,0.0,0.0,0.0,0.0,0.0,2.0
15002,41.81935483870968,62,4.428571428571429,4.714285714285714,0.6438356164383562,0.0547945205479452,0.0410958904109589,0.2191780821917808,0.0410958904109589,0.0,3.1232876712328768
150086,34.86046511627907,43,3.1923076923076925,4.346153846153846,0.7446808510638298,0.02127659574468085,0.06382978723404255,0.0851063829787234,0.0851063829787234,0.0,2.723404255319149
1507450,27.78333333333333,12,3.769230769230769,4.0,0.7333333333333333,0.0,0.13333333333333333,0.06666666666666667,0.0,0.06666666666666667,2.1333333333333333
15103,34.52222222222222,18,4.7,4.5,0.9473684210526315,0.0,0.0,0.05263157894736842,0.0,0.0,2.8421052631578947
15127,36.846428571428575,28,3.5384615384615383,3.923076923076923,0.8888888888888888,0.0,0.1111111111111111,0.0,0.0,0.0,3.0
1524514,37.92857142857143,21,4.444444444444445,4.444444444444445,0.8846153846153846,0.0,0.0,0.07692307692307693,0.038461538461538464,0.0,2.769230769230769
15262,39.180952380952384,21,3.625,5.0,0.8636363636363636,0.0,0.045454545454545456,0.045454545454545456,0.0,0.045454545454545456,2.227272727272727
15555,29.0,6,3.6666666666666665,3.3333333333333335,0.8571428571428571,0.0,0.0,0.14285714285714285,0.0,0.0,3.0
15869,44.15918367346939,49,4.529411764705882,4.529411764705882,0.7368421052631579,0.017543859649122806,0.03508771929824561,0.10526315789473684,0.10526315789473684,0.0,2.9298245614035086
17077,31.950000000000003,8,3.0,3.75,1.0,0.0,0.0,0.0,0.0,0.0,2.75
1721,46.38125,16,4.6,4.8,0.875,0.0,0.0,0.0625,0.0625,0.0,2.9375
17898,39.074999999999996,4,4.0,5.0,0.75,0.0,0.0,0.25,0.0,0.0,2.5
17937,30.097560975609756,41,4.8,4.2,0.7608695652173914,0.0,0.021739130434782608,0.10869565217391304,0.08695652173913043,0.021739130434782608,2.630434782608696
18001,36.76216216216216,37,4.0,3.5,0.8205128205128205,0.0,0.05128205128205128,0.07692307692307693,0.05128205128205128,0.0,2.3333333333333335
18039,32.48518518518519,27,5.0,4.833333333333333,0.5925925925925926,0.1111111111111111,0.1111111111111111,0.1111111111111111,0.07407407407407407,0.0,2.888888888888889
18149,32.57857142857143,14,4.375,4.375,0.6428571428571429,0.0,0.14285714285714285,0.07142857142857142,0.14285714285714285,0.0,2.5714285714285716
18162,33.059375,32,4.714285714285714,4.142857142857143,0.9696969696969697,0.0,0.030303030303030304,0.0,0.0,0.0,2.5757575757575757
18251,45.588,25,4.833333333333333,4.5,0.6538461538461539,0.0,0.038461538461538464,0.15384615384615385,0.15384615384615385,0.0,3.4615384615384617
18267,27.675,4,3.5,4.5,0.8333333333333334,0.0,0.0,0.16666666666666666,0.0,0.0,2.5
18285,36.843333333333334,30,4.8,4.4,0.8387096774193549,0.0,0.0,0.12903225806451613,0.03225806451612903,0.0,2.838709677419355
18335,41.54788732394366,71,4.285714285714286,4.085714285714285,0.6527777777777778,0.05555555555555555,0.027777777777777776,0.08333333333333333,0.18055555555555555,0.0,3.4444444444444446
18384,45.5,11,3.6666666666666665,4.333333333333333,0.5384615384615384,0.0,0.15384615384615385,0.23076923076923078,0.07692307692307693,0.0,3.3846153846153846
18387,40.69069767441861,43,4.5,4.375,0.7777777777777778,0.0,0.0,0.15555555555555556,0.06666666666666667,0.0,3.022222222222222
18518,43.73684210526316,19,4.0,4.625,0.5909090909090909,0.0,0.045454545454545456,0.18181818181818182,0.18181818181818182,0.0,3.5
18558,34.41875,16,4.111111111111111,4.555555555555555,0.8888888888888888,0.0,0.0,0.05555555555555555,0.05555555555555555,0.0,2.5555555555555554
18559,40.392857142857146,28,3.8181818181818183,4.681818181818182,0.7714285714285715,0.08571428571428572,0.0,0.14285714285714285,0.0,0.0,2.942857142857143
18584,33.872093023255815,43,4.421052631578948,4.526315789473684,0.8775510204081632,0.0,0.0,0.10204081632653061,0.02040816326530612,0.0,2.6122448979591835
18585,33.537142857142854,35,5.0,4.333333333333333,0.6111111111111112,0.0,0.08333333333333333,0.16666666666666666,0.1388888888888889,0.0,3.2777777777777777
18624,34.60526315789474,19,4.25,4.25,0.88,0.04,0.04,0.0,0.04,0.0,2.48
18671,38.30625,16,4.0,4.428571428571429,0.6470588235294118,0.29411764705882354,0.058823529411764705,0.0,0.0,0.0,2.8823529411764706
18683,38.741379310344826,29,4.3,4.4,0.8285714285714286,0.0,0.08571428571428572,0.05714285714285714,0.02857142857142857,0.0,2.4571428571428573
18686,44.872727272727275,11,5.0,5.0,0.9166666666666666,0.0,0.0,0.08333333333333333,0.0,0.0,3.8333333333333335
18698,31.970370370370368,81,3.7254901960784315,4.254901960784314,0.891566265060241,0.0,0.024096385542168676,0.024096385542168676,0.03614457831325301,0.024096385542168676,2.433734939759036
18790,39.34871794871795,39,4.444444444444445,4.444444444444445,0.8837209302325582,0.0,0.046511627906976744,0.023255813953488372,0.046511627906976744,0.0,2.697674418604651
18818,37.34230769230769,26,4.2,3.8,0.8888888888888888,0.0,0.037037037037037035,0.037037037037037035,0.037037037037037035,0.0,2.5555555555555554
18826,30.633333333333333,42,4.235294117647059,4.529411764705882,0.8409090909090909,0.0,0.0,0.11363636363636363,0.045454545454545456,0.0,2.340909090909091
18833,26.382926829268293,41,3.88,3.96,0.9148936170212766,0.0,0.0,0.06382978723404255,0.0,0.02127659574468085,2.765957446808511
18840,30.3875,32,4.266666666666667,4.333333333333333,0.8333333333333334,0.0,0.0,0.08333333333333333,0.08333333333333333,0.0,2.5277777777777777
18933,38.74285714285714,14,4.333333333333333,4.0,1.0,0.0,0.0,0.0,0.0,0.0,2.625
18957,32.01875,16,5.0,5.0,0.5625,0.0625,0.1875,0.125,0.0625,0.0,2.8125
18974,37.20102040816327,98,4.052631578947368,4.2105263157894735,0.9047619047619048,0.01904761904761905,0.0380952380952381,0.009523809523809525,0.02857142857142857,0.0,2.676190476190476
19010,43.5375,8,5.0,4.25,0.875,0.0,0.125,0.0,0.0,0.0,2.875
1904,46.008,50,4.75,4.25,0.8301886792452831,0.0,0.07547169811320754,0.07547169811320754,0.018867924528301886,0.0,2.9245283018867925
19042,37.795,20,2.9473684210526314,3.789473684210526,0.47619047619047616,0.09523809523809523,0.09523809523809523,0.23809523809523808,0.09523809523809523,0.0,3.1904761904761907
19047,33.454385964912284,57,4.285714285714286,4.428571428571429,0.819672131147541,0.01639344262295082,0.04918032786885246,0.08196721311475409,0.03278688524590164,0.0,2.80327868852459
19242,25.692105263157895,38,4.090909090909091,4.2727272727272725,0.75,0.0,0.2,0.0,0.025,0.025,2.825
19360,35.21515151515151,33,3.8,4.0,0.9142857142857143,0.02857142857142857,0.02857142857142857,0.0,0.02857142857142857,0.0,2.2285714285714286
19437,44.44166666666666,24,4.857142857142857,4.571428571428571,0.68,0.0,0.12,0.12,0.08,0.0,3.12
19505,35.12857142857143,21,3.5,3.75,0.9565217391304348,0.0,0.0,0.0,0.043478260869565216,0.0,2.5652173913043477
19508,34.776315789473685,38,3.55,4.25,0.7619047619047619,0.023809523809523808,0.07142857142857142,0.07142857142857142,0.023809523809523808,0.047619047619047616,2.642857142857143
19510,32.676923076923075,13,3.857142857142857,4.714285714285714,0.7857142857142857,0.0,0.07142857142857142,0.07142857142857142,0.07142857142857142,0.0,2.357142857142857
19517,27.50740740740741,27,3.65,4.3,0.8666666666666667,0.0,0.03333333333333333,0.03333333333333333,0.03333333333333333,0.03333333333333333,2.533333333333333
19521,30.04259259259259,54,3.739130434782609,4.6521739130434785,0.8064516129032258,0.0,0.06451612903225806,0.08064516129032258,0.016129032258064516,0.03225806451612903,2.5
19525,32.82380952380952,21,3.0833333333333335,3.4166666666666665,1.0,0.0,0.0,0.0,0.0,0.0,2.227272727272727
19548,26.48709677419355,62,3.8363636363636364,3.9454545454545453,0.8918918918918919,0.013513513513513514,0.04054054054054054,0.013513513513513514,0.02702702702702703,0.013513513513513514,2.4594594594594597
19558,27.08857142857143,35,3.0357142857142856,3.857142857142857,0.9024390243902439,0.04878048780487805,0.04878048780487805,0.0,0.0,0.0,2.5365853658536586
19641,28.382978723404257,94,3.943396226415094,4.377358490566038,0.9108910891089109,0.0,0.019801980198019802,0.039603960396039604,0.019801980198019802,0.009900990099009901,2.4653465346534653
19799,38.41372549019608,51,4.5,4.375,0.7818181818181819,0.01818181818181818,0.05454545454545454,0.05454545454545454,0.09090909090909091,0.0,2.981818181818182
19881,43.84615384615385,13,4.6,4.6,0.7333333333333333,0.0,0.13333333333333333,0.06666666666666667,0.06666666666666667,0.0,2.3333333333333335
19910,24.62857142857143,28,4.071428571428571,3.9285714285714284,1.0,0.0,0.0,0.0,0.0,0.0,2.375
19931,22.616666666666664,12,4.25,4.25,0.9166666666666666,0.0,0.0,0.0,0.0,0.08333333333333333,2.9166666666666665
19990,39.74615384615385,13,4.2,4.6,0.8571428571428571,0.0,0.07142857142857142,0.07142857142857142,0.0,0.0,2.5714285714285716
20030,34.51311475409836,61,4.481481481481482,4.481481481481482,0.8,0.015384615384615385,0.06153846153846154,0.07692307692307693,0.03076923076923077,0.015384615384615385,2.923076923076923
20041,27.417441860465118,86,3.9318181818181817,4.136363636363637,0.9381443298969072,0.0,0.020618556701030927,0.041237113402061855,0.0,0.0,2.7010309278350517
20065,43.665151515151514,66,4.184210526315789,4.2894736842105265,0.7123287671232876,0.0136986301369863,0.0273972602739726,0.1232876712328767,0.1232876712328767,0.0,2.671232876712329
20130,38.800000000000004,7,5.0,4.5,0.875,0.0,0.0,0.125,0.0,0.0,2.0
20239,45.13333333333333,24,4.571428571428571,4.642857142857143,0.7666666666666667,0.1,0.0,0.06666666666666667,0.06666666666666667,0.0,3.433333333333333
20355,28.799999999999997,9,4.333333333333333,4.0,1.0,0.0,0.0,0.0,0.0,0.0,2.3
20361,41.1,19,4.833333333333333,4.5,0.25,0.0,0.15,0.3,0.3,0.0,2.6
20415,27.900000000000002,19,3.909090909090909,4.7272727272727275,0.9666666666666667,0.0,0.03333333333333333,0.0,0.0,0.0,2.3
20466,35.68695652173913,23,3.4615384615384617,3.923076923076923,0.782608695652174,0.043478260869565216,0.0,0.08695652173913043,0.08695652173913043,0.0,2.9130434782608696
20469,37.11333333333334,30,4.428571428571429,4.357142857142857,0.6578947368421053,0.02631578947368421,0.05263157894736842,0.18421052631578946,0.05263157894736842,0.02631578947368421,2.4473684210526314
20477,39.37826086956522,46,3.6666666666666665,4.666666666666667,0.8367346938775511,0.0,0.04081632653061224,0.10204081632653061,0.02040816326530612,0.0,2.489795918367347
20512,37.2625,8,5.0,3.3333333333333335,0.8181818181818182,0.0,0.09090909090909091,0.09090909090909091,0.0,0.0,3.1818181818181817
20615,43.63333333333333,12,4.0,5.0,0.75,0.0,0.0,0.0,0.16666666666666666,0.08333333333333333,2.9166666666666665
20709,33.33125,16,4.625,4.5,0.6363636363636364,0.045454545454545456,0.0,0.2727272727272727,0.045454545454545456,0.0,2.590909090909091
20812,32.56,20,3.6666666666666665,5.0,0.75,0.0,0.1,0.05,0.0,0.1,2.95
20818,30.555,20,4.636363636363637,4.909090909090909,0.75,0.05,0.0,0.1,0.05,0.05,3.3
20833,36.58571428571429,14,3.888888888888889,3.888888888888889,0.8,0.06666666666666667,0.0,0.06666666666666667,0.06666666666666667,0.0,2.2666666666666666
2090,38.710344827586205,29,4.666666666666667,4.333333333333333,0.8064516129032258,0.0,0.16129032258064516,0.0,0.03225806451612903,0.0,2.838709677419355
20933,36.98235294117647,17,3.9,3.7,0.7,0.0,0.0,0.2,0.05,0.05,2.6
20966,26.015384615384615,13,2.2,4.6,0.5714285714285714,0.0,0.07142857142857142,0.14285714285714285,0.21428571428571427,0.0,2.7142857142857144
21017,37.6,13,3.857142857142857,4.428571428571429,0.9333333333333333,0.0,0.0,0.06666666666666667,0.0,0.0,2.6
21103,29.540000000000003,15,3.8181818181818183,3.5454545454545454,0.9375,0.0625,0.0,0.0,0.0,0.0,2.25
21271,46.98275862068966,29,4.333333333333333,4.333333333333333,0.7941176470588235,0.0,0.058823529411764705,0.029411764705882353,0.11764705882352941,0.0,2.323529411764706
21295,36.27333333333333,15,3.25,4.5,0.8823529411764706,0.0,0.058823529411764705,0.058823529411764705,0.0,0.0,2.1176470588235294
21353,31.775000000000002,12,4.25,3.5,0.9166666666666666,0.0,0.0,0.08333333333333333,0.0,0.0,3.1666666666666665
21446,38.21411764705882,85,4.354838709677419,4.32258064516129,0.7052631578947368,0.010526315789473684,0.09473684210526316,0.09473684210526316,0.09473684210526316,0.0,2.7263157894736842
21464,41.827777777777776,18,3.2,4.4,0.6818181818181818,0.0,0.09090909090909091,0.13636363636363635,0.09090909090909091,0.0,2.090909090909091
21600,43.12589285714286,112,4.028169014084507,4.253521126760563,0.5503875968992248,0.007751937984496124,0.046511627906976744,0.2713178294573643,0.12403100775193798,0.0,2.5271317829457365
21690,30.490476190476187,21,4.125,4.25,0.7272727272727273,0.0,0.045454545454545456,0.22727272727272727,0.0,0.0,2.5
21727,37.86666666666667,6,5.0,5.0,0.7142857142857143,0.14285714285714285,0.0,0.14285714285714285,0.0,0.0,3.0
21979,44.03506493506493,77,4.3076923076923075,4.461538461538462,0.4625,0.0125,0.15,0.2875,0.075,0.0125,2.8
22012,36.65625,16,4.2,3.8,0.7222222222222222,0.0,0.05555555555555555,0.1111111111111111,0.1111111111111111,0.0,2.4444444444444446
22017,37.325,16,4.222222222222222,4.333333333333333,0.8888888888888888,0.0,0.05555555555555555,0.05555555555555555,0.0,0.0,2.5
22047,36.32857142857143,21,3.3636363636363638,4.090909090909091,0.9090909090909091,0.0,0.045454545454545456,0.045454545454545456,0.0,0.0,2.4545454545454546
22061,29.299999999999997,2,4.5,5.0,0.6666666666666666,0.0,0.0,0.0,0.3333333333333333,0.0,2.3333333333333335
2209,40.6089552238806,67,3.3035714285714284,4.071428571428571,0.8641975308641975,0.024691358024691357,0.012345679012345678,0.012345679012345678,0.08641975308641975,0.0,3.0
22110,32.23125,32,4.266666666666667,4.666666666666667,0.5882352941176471,0.0,0.17647058823529413,0.17647058823529413,0.029411764705882353,0.029411764705882353,2.3529411764705883
2717,50.87352941176471,34,4.555555555555555,4.555555555555555,0.4883720930232558,0.0,0.0,0.4418604651162791,0.06976744186046512,0.0,3.4186046511627906
317,41.98170731707317,82,3.5531914893617023,4.595744680851064,0.4823529411764706,0.011764705882352941,0.08235294117647059,0.17647058823529413,0.2235294117647059,0.023529411764705882,2.988235294117647
318882,33.1,8,3.75,4.75,0.6666666666666666,0.1111111111111111,0.0,0.0,0.2222222222222222,0.0,3.2222222222222223
3190,46.42941176470588,34,4.294117647058823,4.117647058823529,0.7058823529411765,0.029411764705882353,0.0,0.23529411764705882,0.029411764705882353,0.0,3.1470588235294117
3193,45.24857142857143,35,3.923076923076923,3.6153846153846154,0.6666666666666666,0.047619047619047616,0.0,0.21428571428571427,0.07142857142857142,0.0,2.6904761904761907
3197,50.388461538461534,26,4.5,4.6,0.6071428571428571,0.0,0.07142857142857142,0.25,0.07142857142857142,0.0,3.2857142857142856
3211,41.66266666666667,75,4.111111111111111,4.311111111111111,0.5542168674698795,0.012048192771084338,0.012048192771084338,0.30120481927710846,0.10843373493975904,0.012048192771084338,3.0481927710843375
3419,48.77317073170732,41,4.107142857142857,3.9642857142857144,0.8863636363636364,0.0,0.045454545454545456,0.045454545454545456,0.022727272727272728,0.0,3.159090909090909
3531,30.256249999999998,16,4.666666666666667,4.0,1.0,0.0,0.0,0.0,0.0,0.0,2.789473684210526
36,39.71388888888889,36,3.96,3.72,0.631578947368421,0.07894736842105263,0.05263157894736842,0.10526315789473684,0.13157894736842105,0.0,2.6578947368421053
362880,35.475,4,4.333333333333333,4.333333333333333,0.8,0.0,0.0,0.0,0.0,0.2,2.6
3676,39.72666666666667,30,4.0,4.642857142857143,0.9714285714285714,0.0,0.02857142857142857,0.0,0.0,0.0,2.7714285714285714
37303,30.389473684210525,38,3.625,4.375,0.975,0.025,0.0,0.0,0.0,0.0,2.475
37788,40.86,20,4.375,4.5,0.8095238095238095,0.0,0.09523809523809523,0.0,0.047619047619047616,0.047619047619047616,2.380952380952381
37862,27.828070175438597,57,3.9393939393939394,4.090909090909091,0.7301587301587301,0.0,0.015873015873015872,0.20634920634920634,0.015873015873015872,0.031746031746031744,2.746031746031746
3858,33.04615384615385,13,4.0,4.0,1.0,0.0,0.0,0.0,0.0,0.0,3.076923076923077
38834,28.23766233766234,77,3.2857142857142856,4.122448979591836,0.8674698795180723,0.0,0.060240963855421686,0.04819277108433735,0.024096385542168676,0.0,2.5180722891566263
3935,39.233333333333334,18,4.166666666666667,4.666666666666667,0.7142857142857143,0.0,0.09523809523809523,0.09523809523809523,0.09523809523809523,0.0,3.0476190476190474
39407,33.6125,16,4.0,4.5,0.9411764705882353,0.0,0.0,0.0,0.058823529411764705,0.0,2.8823529411764706
40343,36.84285714285714,14,4.5,4.166666666666667,0.9411764705882353,0.0,0.0,0.058823529411764705,0.0,0.0,3.0
41238,38.71818181818182,33,3.8,4.066666666666666,0.6052631578947368,0.07894736842105263,0.02631578947368421,0.15789473684210525,0.13157894736842105,0.0,2.5526315789473686
41242,32.955999999999996,25,4.5,4.5,0.8064516129032258,0.03225806451612903,0.12903225806451613,0.03225806451612903,0.0,0.0,2.2580645161290325
41266,34.736,25,4.0,4.411764705882353,0.7941176470588235,0.029411764705882353,0.029411764705882353,0.08823529411764706,0.058823529411764705,0.0,2.5588235294117645
41710,44.59130434782608,23,4.166666666666667,4.055555555555555,0.8076923076923077,0.0,0.0,0.07692307692307693,0.038461538461538464,0.07692307692307693,2.4615384615384617
43044,27.12777777777778,18,4.2,4.4,0.7391304347826086,0.08695652173913043,0.0,0.17391304347826086,0.0,0.0,2.772727272727273
43257,38.62682926829268,41,4.2,3.4,0.9069767441860465,0.0,0.023255813953488372,0.0,0.023255813953488372,0.046511627906976744,2.4285714285714284
43487,26.205479452054796,73,3.1206896551724137,4.137931034482759,0.8536585365853658,0.024390243902439025,0.012195121951219513,0.06097560975609756,0.024390243902439025,0.024390243902439025,2.682926829268293
43645,30.869767441860468,43,3.7083333333333335,3.625,0.8571428571428571,0.0,0.04081632653061224,0.08163265306122448,0.02040816326530612,0.0,3.020408163265306
43664,26.19782608695652,46,3.84,4.04,0.7547169811320755,0.05660377358490566,0.05660377358490566,0.05660377358490566,0.05660377358490566,0.018867924528301886,2.7169811320754715
44016,40.756521739130434,23,4.555555555555555,4.444444444444445,0.8,0.0,0.12,0.04,0.04,0.0,2.96
44265,33.294117647058826,17,4.083333333333333,4.666666666666667,0.47058823529411764,0.0,0.058823529411764705,0.47058823529411764,0.0,0.0,2.588235294117647
45096,39.095,20,4.8,4.6,0.8888888888888888,0.0,0.0,0.07407407407407407,0.0,0.037037037037037035,2.5555555555555554
4547,33.214285714285715,14,4.5,4.5,0.9444444444444444,0.0,0.0,0.0,0.0,0.05555555555555555,3.111111111111111
45850,44.24285714285714,7,5.0,5.0,0.7142857142857143,0.14285714285714285,0.0,0.0,0.14285714285714285,0.0,3.2857142857142856
46017,36.84705882352941,17,4.230769230769231,4.461538461538462,0.9523809523809523,0.0,0.0,0.0,0.047619047619047616,0.0,2.7142857142857144
46377,33.725,8,4.0,5.0,0.7,0.0,0.2,0.0,0.1,0.0,3.0
46884,31.835714285714285,14,3.727272727272727,3.727272727272727,0.9375,0.0,0.0,0.0625,0.0,0.0,2.125
46892,39.06842105263158,19,2.0,3.0,0.7368421052631579,0.0,0.05263157894736842,0.05263157894736842,0.15789473684210525,0.0,2.473684210526316
46972,26.857142857142858,7,3.3333333333333335,3.6666666666666665,0.625,0.125,0.125,0.0,0.125,0.0,2.875
47051,36.06111111111111,18,2.6666666666666665,3.6666666666666665,0.8,0.0,0.05,0.1,0.05,0.0,2.75
47069,38.00869565217391,23,4.0,4.6,0.5,0.07692307692307693,0.19230769230769232,0.11538461538461539,0.11538461538461539,0.0,2.576923076923077
47113,35.583333333333336,18,4.0,4.5,0.8636363636363636,0.0,0.09090909090909091,0.0,0.0,0.045454545454545456,2.590909090909091
47478,35.05,4,4.5,4.5,0.75,0.0,0.25,0.0,0.0,0.0,2.75
47505,37.306666666666665,15,2.5,4.5,0.6875,0.0,0.125,0.125,0.0625,0.0,3.0
47535,37.21578947368421,19,4.75,4.75,0.9523809523809523,0.047619047619047616,0.0,0.0,0.0,0.0,1.8571428571428572
47603,23.661538461538463,13,3.8333333333333335,3.5,0.7647058823529411,0.0,0.0,0.23529411764705882,0.0,0.0,2.9411764705882355
47630,27.366666666666664,12,3.3333333333333335,4.111111111111111,0.8,0.0,0.0,0.13333333333333333,0.06666666666666667,0.0,2.8
48169,40.46875,16,4.2,4.6,0.8181818181818182,0.0,0.0,0.045454545454545456,0.13636363636363635,0.0,2.3181818181818183
48205,24.603571428571428,56,4.0,4.0,0.8709677419354839,0.0,0.03225806451612903,0.06451612903225806,0.03225806451612903,0.0,2.4838709677419355
48393,41.12,15,4.333333333333333,5.0,0.6,0.0,0.2,0.13333333333333333,0.06666666666666667,0.0,2.466666666666667
48437,37.03333333333333,15,4.5,5.0,0.7894736842105263,0.10526315789473684,0.0,0.10526315789473684,0.0,0.0,3.0526315789473686
48675,36.07272727272727,11,4.125,4.75,0.5333333333333333,0.0,0.2,0.13333333333333333,0.13333333333333333,0.0,2.4
48677,32.375,16,4.666666666666667,4.5,0.6875,0.0,0.0,0.125,0.1875,0.0,2.625
48679,33.2,7,3.2,4.6,1.0,0.0,0.0,0.0,0.0,0.0,2.75
49054,37.43,30,4.076923076923077,4.384615384615385,0.8823529411764706,0.0,0.029411764705882353,0.058823529411764705,0.029411764705882353,0.0,2.323529411764706
49071,33.44,10,4.6,4.8,0.6923076923076923,0.0,0.23076923076923078,0.07692307692307693,0.0,0.0,2.230769230769231
49343,30.544444444444448,27,2.909090909090909,4.2727272727272725,0.8823529411764706,0.0,0.0,0.08823529411764706,0.0,0.029411764705882353,2.5588235294117645
49613,36.35,26,4.083333333333333,4.333333333333333,0.8529411764705882,0.0,0.08823529411764706,0.0,0.058823529411764705,0.0,2.6470588235294117
4963,32.458333333333336,24,3.4615384615384617,3.769230769230769,0.9259259259259259,0.0,0.037037037037037035,0.037037037037037035,0.0,0.0,2.4444444444444446
5000135,41.78169014084507,71,3.5714285714285716,4.5,0.6133333333333333,0.05333333333333334,0.12,0.09333333333333334,0.10666666666666667,0.013333333333333334,2.2933333333333334
5000143,39.04642857142857,56,4.615384615384615,4.615384615384615,0.7384615384615385,0.015384615384615385,0.06153846153846154,0.13846153846153847,0.046153846153846156,0.0,2.6307692307692307
5000154,24.63529411764706,17,2.625,3.25,0.8421052631578947,0.0,0.10526315789473684,0.05263157894736842,0.0,0.0,2.263157894736842
5000201,40.39677419354839,93,3.9047619047619047,4.285714285714286,0.9217391304347826,0.0,0.017391304347826087,0.017391304347826087,0.017391304347826087,0.02608695652173913,2.6608695652173915
5000356,39.80352941176471,85,3.9545454545454546,4.295454545454546,0.6195652173913043,0.05434782608695652,0.05434782608695652,0.1956521739130435,0.07608695652173914,0.0,2.6739130434782608
5000385,44.39767441860465,43,4.625,4.5625,0.2978723404255319,0.02127659574468085,0.1276595744680851,0.44680851063829785,0.0851063829787234,0.02127659574468085,3.021276595744681
5000578,32.358823529411765,17,4.625,4.25,0.45,0.05,0.05,0.25,0.2,0.0,2.5
5001006,35.266666666666666,9,4.833333333333333,4.833333333333333,0.8181818181818182,0.0,0.0,0.0,0.18181818181818182,0.0,2.8181818181818183
50082,40.489999999999995,10,3.5,3.5,0.6428571428571429,0.0,0.07142857142857142,0.2857142857142857,0.0,0.0,2.857142857142857
50229,41.1625,8,3.0,5.0,0.4444444444444444,0.0,0.2222222222222222,0.1111111111111111,0.1111111111111111,0.1111111111111111,2.6666666666666665
50250,45.898148148148145,54,4.777777777777778,4.666666666666667,0.5087719298245614,0.017543859649122806,0.08771929824561403,0.14035087719298245,0.24561403508771928,0.0,2.824561403508772
50296,24.81463414634146,41,3.52,4.08,0.9534883720930233,0.0,0.023255813953488372,0.0,0.023255813953488372,0.0,2.4186046511627906
50364,38.72608695652174,23,4.75,4.5,0.875,0.0,0.08333333333333333,0.0,0.041666666666666664,0.0,2.7083333333333335
50572,34.86896551724138,29,3.6363636363636362,4.2727272727272725,0.7741935483870968,0.0,0.12903225806451613,0.06451612903225806,0.03225806451612903,0.0,2.4838709677419355
50582,31.477777777777778,36,4.071428571428571,4.25,0.813953488372093,0.0,0.06976744186046512,0.06976744186046512,0.0,0.046511627906976744,2.7906976744186047
50752,29.772727272727273,11,4.8,4.4,0.75,0.0,0.0,0.0,0.0,0.25,2.8333333333333335
50754,28.389473684210525,19,3.0,4.0,0.8,0.05,0.1,0.0,0.05,0.0,3.05
50760,35.26363636363636,11,2.2,3.8,0.9166666666666666,0.0,0.08333333333333333,0.0,0.0,0.0,1.9166666666666667
5079,36.650877192982456,57,4.428571428571429,4.333333333333333,0.8260869565217391,0.0,0.07246376811594203,0.057971014492753624,0.043478260869565216,0.0,2.6666666666666665
50970,34.5,20,4.0,4.7,0.6818181818181818,0.045454545454545456,0.09090909090909091,0.045454545454545456,0.13636363636363635,0.0,2.8636363636363638
50981,31.93,10,2.0,4.5,0.4,0.0,0.0,0.6,0.0,0.0,3.3
51020,40.339999999999996,5,2.3333333333333335,3.6666666666666665,0.5,0.0,0.16666666666666666,0.16666666666666666,0.16666666666666666,0.0,2.8333333333333335
51050,34.86875,16,2.8333333333333335,4.166666666666667,0.875,0.0,0.0,0.125,0.0,0.0,2.75
51139,30.666666666666668,30,4.642857142857143,4.714285714285714,0.8709677419354839,0.0,0.0967741935483871,0.03225806451612903,0.0,0.0,2.2580645161290325
51180,33.75714285714286,14,4.25,4.75,0.7142857142857143,0.07142857142857142,0.07142857142857142,0.14285714285714285,0.0,0.0,3.0714285714285716
51233,37.019999999999996,10,3.3333333333333335,3.1666666666666665,0.7272727272727273,0.0,0.18181818181818182,0.0,0.09090909090909091,0.0,2.727272727272727
51279,30.549999999999997,4,4.0,4.0,0.8333333333333334,0.0,0.0,0.16666666666666666,0.0,0.0,2.8333333333333335
513,45.15555555555556,45,4.583333333333333,4.708333333333333,0.7017543859649122,0.05263157894736842,0.03508771929824561,0.07017543859649122,0.14035087719298245,0.0,3.017543859649123
51307,43.980000000000004,5,3.25,4.25,0.8333333333333334,0.0,0.0,0.16666666666666666,0.0,0.0,2.6666666666666665
51527,37.18,5,1.5,2.5,0.6,0.0,0.4,0.0,0.0,0.0,3.0
51603,43.87777777777777,9,4.0,5.0,0.7777777777777778,0.0,0.1111111111111111,0.1111111111111111,0.0,0.0,2.888888888888889
52048,45.619512195121956,41,3.6206896551724137,3.9655172413793105,0.6818181818181818,0.022727272727272728,0.022727272727272728,0.22727272727272727,0.045454545454545456,0.0,2.7045454545454546
52210,36.71,10,3.5,4.5,0.4,0.0,0.1,0.4,0.1,0.0,2.8
5238,41.03333333333333,6,4.666666666666667,4.666666666666667,0.875,0.0,0.0,0.125,0.0,0.0,2.375
52665,38.093333333333334,15,4.5,4.5,1.0,0.0,0.0,0.0,0.0,0.0,2.8125
52809,39.22105263157895,19,3.3333333333333335,4.666666666666667,0.8571428571428571,0.0,0.047619047619047616,0.047619047619047616,0.047619047619047616,0.0,2.380952380952381
53331,47.042857142857144,7,5.0,5.0,0.42857142857142855,0.0,0.14285714285714285,0.42857142857142855,0.0,0.0,3.142857142857143
53333,37.957142857142856,14,4.333333333333333,5.0,0.9285714285714286,0.0,0.07142857142857142,0.0,0.0,0.0,2.642857142857143
53520,34.003571428571426,28,3.8823529411764706,4.235294117647059,0.925,0.0,0.025,0.025,0.025,0.0,2.4
53788,23.37719298245614,57,3.676470588235294,3.7941176470588234,0.8571428571428571,0.0,0.03571428571428571,0.05357142857142857,0.017857142857142856,0.03571428571428571,2.4107142857142856
53898,32.1625,24,4.3,4.4,0.5714285714285714,0.0,0.14285714285714285,0.14285714285714285,0.14285714285714285,0.0,2.607142857142857
54172,46.16923076923077,13,3.75,4.25,0.9285714285714286,0.0,0.0,0.0,0.07142857142857142,0.0,2.357142857142857
54520,44.431111111111115,45,4.538461538461538,4.769230769230769,0.8125,0.0,0.0,0.1875,0.0,0.0,3.0625
54538,49.24285714285714,7,4.0,5.0,1.0,0.0,0.0,0.0,0.0,0.0,3.0
54792,26.616666666666664,6,3.4,3.6,0.8333333333333334,0.0,0.0,0.16666666666666666,0.0,0.0,2.0
5485,29.0425,40,4.25,4.625,0.8571428571428571,0.0,0.023809523809523808,0.07142857142857142,0.023809523809523808,0.023809523809523808,2.619047619047619
54934,41.627272727272725,11,4.666666666666667,4.666666666666667,0.6666666666666666,0.0,0.0,0.16666666666666666,0.16666666666666666,0.0,3.5833333333333335
54961,39.406666666666666,15,3.7777777777777777,4.0,0.8235294117647058,0.0,0.058823529411764705,0.0,0.058823529411764705,0.058823529411764705,2.588235294117647
55096,29.86,15,3.857142857142857,4.285714285714286,0.875,0.0,0.0625,0.0,0.0625,0.0,2.5625
55777,38.84230769230769,26,5.0,4.0,0.9642857142857143,0.0,0.0,0.03571428571428571,0.0,0.0,3.892857142857143
56172,40.252941176470586,17,4.0,3.875,0.7619047619047619,0.0,0.14285714285714285,0.047619047619047616,0.047619047619047616,0.0,2.619047619047619
56726,22.7,8,3.5714285714285716,4.428571428571429,0.6666666666666666,0.0,0.2222222222222222,0.0,0.1111111111111111,0.0,2.888888888888889
56757,34.72,5,4.333333333333333,4.666666666666667,1.0,0.0,0.0,0.0,0.0,0.0,2.6666666666666665
56766,39.45384615384615,26,3.75,4.0,0.7407407407407407,0.0,0.037037037037037035,0.07407407407407407,0.14814814814814814,0.0,2.5925925925925926
57174,39.92758620689656,58,4.038461538461538,4.3076923076923075,0.6060606060606061,0.015151515151515152,0.10606060606060606,0.12121212121212122,0.15151515151515152,0.0,2.742424242424242
57178,32.371428571428574,14,3.0,4.3,0.8125,0.0,0.1875,0.0,0.0,0.0,2.5625
57458,37.30909090909091,33,3.7777777777777777,4.111111111111111,0.7837837837837838,0.02702702702702703,0.05405405405405406,0.05405405405405406,0.08108108108108109,0.0,2.72972972972973
57466,32.18,5,4.5,3.75,0.5714285714285714,0.0,0.14285714285714285,0.2857142857142857,0.0,0.0,2.5714285714285716
57504,41.26666666666667,6,4.0,4.166666666666667,1.0,0.0,0.0,0.0,0.0,0.0,2.857142857142857
57606,32.71,10,3.0,3.75,0.7,0.1,0.0,0.1,0.0,0.1,3.2
57612,38.333333333333336,6,2.5,3.0,0.8333333333333334,0.0,0.0,0.16666666666666666,0.0,0.0,2.5
57702,41.546031746031744,63,4.131578947368421,4.631578947368421,0.7352941176470589,0.0,0.1323529411764706,0.07352941176470588,0.058823529411764705,0.0,2.6470588235294117
57820,30.94545454545454,11,3.625,4.125,0.8461538461538461,0.0,0.0,0.07692307692307693,0.0,0.07692307692307693,2.769230769230769
57900,36.325,16,3.75,4.0,0.9375,0.0,0.0,0.0625,0.0,0.0,3.0
57984,40.5656862745098,102,4.6,4.666666666666667,0.7,0.008333333333333333,0.09166666666666666,0.075,0.125,0.0,2.7333333333333334
58006,40.18,10,3.5,4.5,1.0,0.0,0.0,0.0,0.0,0.0,2.3
5841,25.7140625,64,4.153846153846154,4.076923076923077,0.8285714285714286,0.014285714285714285,0.05714285714285714,0.05714285714285714,0.02857142857142857,0.014285714285714285,2.4857142857142858
58498,43.721739130434784,23,5.0,5.0,0.782608695652174,0.0,0.043478260869565216,0.043478260869565216,0.13043478260869565,0.0,2.782608695652174
58808,24.65416666666667,24,3.625,4.3125,0.9655172413793104,0.0,0.0,0.0,0.034482758620689655,0.0,2.5517241379310347
58928,33.96153846153846,39,3.75,4.166666666666667,0.6097560975609756,0.0,0.14634146341463414,0.17073170731707318,0.07317073170731707,0.0,2.682926829268293
59001,27.275,4,5.0,5.0,0.5,0.0,0.5,0.0,0.0,0.0,2.0
59060,29.049999999999997,18,4.2,4.7,0.6818181818181818,0.0,0.045454545454545456,0.18181818181818182,0.09090909090909091,0.0,2.3181818181818183
59109,41.044444444444444,9,4.333333333333333,5.0,0.7777777777777778,0.0,0.1111111111111111,0.1111111111111111,0.0,0.0,2.7777777777777777
594,45.358139534883726,43,4.5,4.625,0.5227272727272727,0.0,0.022727272727272728,0.20454545454545456,0.25,0.0,3.8636363636363638
59523,33.944,25,4.777777777777778,4.555555555555555,0.5806451612903226,0.03225806451612903,0.06451612903225806,0.1935483870967742,0.12903225806451613,0.0,2.5161290322580645
60406,38.43939393939394,33,4.055555555555555,4.222222222222222,0.8857142857142857,0.0,0.0,0.08571428571428572,0.0,0.02857142857142857,2.5714285714285716
60428,27.58695652173913,23,3.0833333333333335,3.6666666666666665,0.7916666666666666,0.0,0.0,0.08333333333333333,0.041666666666666664,0.08333333333333333,2.375
60430,42.18260869565218,23,3.076923076923077,4.3076923076923075,0.6521739130434783,0.043478260869565216,0.0,0.30434782608695654,0.0,0.0,2.652173913043478
60462,27.5,21,4.25,4.25,0.6842105263157895,0.0,0.05263157894736842,0.2631578947368421,0.0,0.0,2.3157894736842106
60464,35.981818181818184,11,3.875,4.5,0.7333333333333333,0.0,0.0,0.06666666666666667,0.06666666666666667,0.13333333333333333,2.6666666666666665
60560,34.59285714285714,14,4.444444444444445,4.111111111111111,0.8333333333333334,0.0,0.0,0.16666666666666666,0.0,0.0,2.5
60644,47.84782608695652,23,4.5,4.5,0.8695652173913043,0.043478260869565216,0.0,0.043478260869565216,0.043478260869565216,0.0,3.782608695652174
60743,38.800000000000004,7,2.0,4.5,1.0,0.0,0.0,0.0,0.0,0.0,2.25
614,49.639240506329116,79,4.135135135135135,4.216216216216216,0.5232558139534884,0.03488372093023256,0.03488372093023256,0.1744186046511628,0.23255813953488372,0.0,3.395348837209302
62382,35.02222222222222,9,3.5454545454545454,4.545454545454546,0.7692307692307693,0.0,0.0,0.07692307692307693,0.15384615384615385,0.0,3.1538461538461537
62484,47.78863636363636,44,4.75,4.833333333333333,0.6382978723404256,0.06382978723404255,0.0425531914893617,0.06382978723404255,0.1702127659574468,0.02127659574468085,3.234042553191489
62538,33.910714285714285,28,3.823529411764706,4.176470588235294,0.7428571428571429,0.02857142857142857,0.08571428571428572,0.08571428571428572,0.02857142857142857,0.02857142857142857,2.742857142857143
63556,39.92413793103448,29,4.0,4.5,0.7666666666666667,0.0,0.13333333333333333,0.1,0.0,0.0,2.533333333333333
63732,37.800000000000004,17,4.4,4.4,0.7777777777777778,0.0,0.0,0.1111111111111111,0.05555555555555555,0.05555555555555555,2.7777777777777777
63768,35.96521739130435,23,4.2,4.2,0.8928571428571429,0.0,0.03571428571428571,0.07142857142857142,0.0,0.0,2.892857142857143
63770,40.03888888888889,18,4.166666666666667,3.8333333333333335,0.9,0.0,0.05,0.05,0.0,0.0,2.4
64020,27.45,6,5.0,5.0,0.8888888888888888,0.0,0.1111111111111111,0.0,0.0,0.0,2.2222222222222223
64061,38.510000000000005,10,5.0,3.0,1.0,0.0,0.0,0.0,0.0,0.0,2.8
64162,34.392857142857146,14,4.5,4.5,0.9333333333333333,0.0,0.06666666666666667,0.0,0.0,0.0,2.6
64276,36.351724137931036,29,4.181818181818182,4.636363636363637,0.7419354838709677,0.06451612903225806,0.03225806451612903,0.06451612903225806,0.0967741935483871,0.0,2.3225806451612905
64278,38.665217391304346,23,3.8823529411764706,4.823529411764706,0.28,0.0,0.24,0.16,0.32,0.0,3.2
64288,30.627777777777776,18,3.75,3.75,0.8,0.0,0.0,0.2,0.0,0.0,2.5
64664,41.486046511627904,43,5.0,4.666666666666667,0.6923076923076923,0.019230769230769232,0.09615384615384616,0.07692307692307693,0.09615384615384616,0.019230769230769232,2.8076923076923075
64754,36.227999999999994,25,2.7058823529411766,4.0,1.0,0.0,0.0,0.0,0.0,0.0,2.3666666666666667
64776,44.1,11,4.833333333333333,4.833333333333333,0.7692307692307693,0.0,0.07692307692307693,0.07692307692307693,0.0,0.07692307692307693,2.076923076923077
64877,33.1125,16,3.6666666666666665,4.5,0.8888888888888888,0.0,0.0,0.05555555555555555,0.05555555555555555,0.0,2.7777777777777777
64972,38.34705882352941,17,3.857142857142857,3.857142857142857,0.7857142857142857,0.0,0.07142857142857142,0.07142857142857142,0.07142857142857142,0.0,2.607142857142857
65361,53.15675675675676,37,4.571428571428571,4.642857142857143,0.7,0.0,0.075,0.15,0.075,0.0,3.325
65409,38.526666666666664,15,5.0,5.0,0.625,0.0625,0.0,0.0,0.0625,0.25,2.375
65440,29.144444444444446,18,4.6,4.4,0.8947368421052632,0.05263157894736842,0.05263157894736842,0.0,0.0,0.0,3.4210526315789473
65614,47.728571428571435,7,4.5,5.0,1.0,0.0,0.0,0.0,0.0,0.0,3.125
65863,38.59583333333333,24,4.4,4.8,0.92,0.0,0.0,0.04,0.04,0.0,2.48
65878,29.15833333333333,108,3.45679012345679,3.8641975308641974,0.8629032258064516,0.0,0.04032258064516129,0.04838709677419355,0.04032258064516129,0.008064516129032258,2.6048387096774195
65890,27.068115942028985,69,3.391304347826087,4.021739130434782,0.8961038961038961,0.0,0.05194805194805195,0.05194805194805195,0.0,0.0,2.5844155844155843
66234,39.21666666666667,12,4.5,4.5,0.9166666666666666,0.0,0.0,0.0,0.0,0.08333333333333333,2.6666666666666665
66272,25.907500000000002,120,3.9393939393939394,4.090909090909091,0.8382352941176471,0.007352941176470588,0.0661764705882353,0.022058823529411766,0.051470588235294115,0.014705882352941176,2.3823529411764706
66911,30.214999999999996,20,4.071428571428571,4.142857142857143,0.8333333333333334,0.0,0.041666666666666664,0.0,0.041666666666666664,0.08333333333333333,2.7083333333333335
67092,33.94285714285714,7,5.0,5.0,1.0,0.0,0.0,0.0,0.0,0.0,2.0833333333333335
67299,39.5,5,5.0,3.0,1.0,0.0,0.0,0.0,0.0,0.0,2.5
6756,40.01923076923077,26,4.875,4.75,0.9285714285714286,0.0,0.07142857142857142,0.0,0.0,0.0,2.6785714285714284
67601,39.327777777777776,18,4.666666666666667,4.222222222222222,0.8571428571428571,0.0,0.047619047619047616,0.047619047619047616,0.047619047619047616,0.0,2.5714285714285716
67785,32.24285714285714,7,2.75,2.75,0.9,0.0,0.0,0.0,0.1,0.0,2.8
67934,33.01176470588236,17,3.0,4.142857142857143,0.7727272727272727,0.0,0.045454545454545456,0.09090909090909091,0.09090909090909091,0.0,2.5454545454545454
68321,34.388888888888886,9,5.0,3.5,0.8888888888888888,0.0,0.0,0.0,0.1111111111111111,0.0,3.3333333333333335
68375,31.639999999999997,5,5.0,4.5,0.8,0.0,0.0,0.2,0.0,0.0,2.4
6847,31.900000000000002,7,5.0,5.0,1.0,0.0,0.0,0.0,0.0,0.0,2.4285714285714284
68597,39.48461538461538,13,5.0,4.5,0.8,0.0,0.0,0.13333333333333333,0.0,0.06666666666666667,2.8666666666666667
68930,41.51538461538462,13,4.6,4.4,0.8461538461538461,0.15384615384615385,0.0,0.0,0.0,0.0,2.6153846153846154
69764,27.60641025641026,78,3.5208333333333335,4.125,0.8111111111111111,0.011111111111111112,0.0,0.07777777777777778,0.08888888888888889,0.011111111111111112,2.4444444444444446
69815,28.89591836734694,49,3.757575757575758,3.9696969696969697,0.8363636363636363,0.0,0.03636363636363636,0.05454545454545454,0.07272727272727272,0.0,2.418181818181818
69825,27.764864864864865,37,4.190476190476191,4.190476190476191,0.9069767441860465,0.023255813953488372,0.046511627906976744,0.0,0.023255813953488372,0.0,2.3488372093023258
69853,29.00277777777778,108,3.207792207792208,3.8701298701298703,0.792,0.016,0.064,0.048,0.064,0.016,2.256
703,53.59375,32,4.571428571428571,4.857142857142857,0.5714285714285714,0.02857142857142857,0.0,0.14285714285714285,0.2571428571428571,0.0,3.4857142857142858
71305,35.53333333333333,36,4.166666666666667,4.416666666666667,0.868421052631579,0.02631578947368421,0.02631578947368421,0.05263157894736842,0.02631578947368421,0.0,2.8157894736842106
71407,36.644,25,3.5,4.0,0.7307692307692307,0.0,0.0,0.15384615384615385,0.07692307692307693,0.038461538461538464,2.9615384615384617
7142,26.155555555555555,45,4.2,4.44,0.9215686274509803,0.0,0.0392156862745098,0.0,0.0392156862745098,0.0,2.784313725490196
72331,25.080000000000002,40,3.9375,4.3125,0.8478260869565217,0.0,0.08695652173913043,0.043478260869565216,0.021739130434782608,0.0,2.369565217391304
72623,43.5,6,5.0,5.0,1.0,0.0,0.0,0.0,0.0,0.0,2.857142857142857
7292,29.349999999999998,46,3.2666666666666666,4.0,0.8431372549019608,0.0196078431372549,0.0392156862745098,0.058823529411764705,0.0392156862745098,0.0,2.3529411764705883
7301,32.48571428571429,14,3.7777777777777777,4.555555555555555,0.9375,0.0,0.0,0.0,0.0,0.0625,2.6875
73062,32.65294117647059,34,4.125,3.75,0.8461538461538461,0.02564102564102564,0.02564102564102564,0.07692307692307693,0.0,0.02564102564102564,2.4871794871794872
73140,40.440000000000005,15,4.5,4.5,0.9375,0.0,0.0625,0.0,0.0,0.0,2.375
73519,32.63333333333333,3,5.0,5.0,1.0,0.0,0.0,0.0,0.0,0.0,3.0
74586,35.72,10,5.0,5.0,0.6666666666666666,0.0,0.16666666666666666,0.16666666666666666,0.0,0.0,2.6666666666666665
74737,31.38888888888889,18,4.166666666666667,5.0,0.7,0.1,0.1,0.0,0.1,0.0,2.6
7511,41.43125,80,4.15,4.7,0.8316831683168316,0.0,0.04950495049504951,0.06930693069306931,0.04950495049504951,0.0,3.099009900990099
7523,47.29705882352941,34,4.125,4.625,0.48717948717948717,0.05128205128205128,0.1794871794871795,0.15384615384615385,0.1282051282051282,0.0,2.5384615384615383
75266,30.962962962962962,27,3.3125,3.625,0.9354838709677419,0.0,0.03225806451612903,0.0,0.03225806451612903,0.0,2.4516129032258065
75457,33.7484375,64,4.375,4.5,0.6521739130434783,0.0,0.13043478260869565,0.15942028985507245,0.043478260869565216,0.014492753623188406,2.8405797101449277
778,43.395833333333336,24,3.235294117647059,3.3529411764705883,0.5925925925925926,0.07407407407407407,0.037037037037037035,0.25925925925925924,0.0,0.037037037037037035,3.2962962962962963
7839,42.739999999999995,10,3.090909090909091,4.090909090909091,0.8461538461538461,0.0,0.0,0.15384615384615385,0.0,0.0,2.5384615384615383
79349,41.22,20,4.333333333333333,4.555555555555555,0.7692307692307693,0.0,0.11538461538461539,0.0,0.07692307692307693,0.038461538461538464,2.5384615384615383
79355,30.3625,24,4.2,4.2,0.7916666666666666,0.041666666666666664,0.041666666666666664,0.041666666666666664,0.08333333333333333,0.0,2.5833333333333335
79930,39.47777777777778,9,4.5,5.0,0.7,0.0,0.2,0.1,0.0,0.0,2.0
80073,37.61538461538461,13,4.571428571428571,4.285714285714286,0.8461538461538461,0.0,0.07692307692307693,0.0,0.07692307692307693,0.0,2.5384615384615383
80779,44.95111111111111,45,4.142857142857143,4.761904761904762,0.5531914893617021,0.06382978723404255,0.02127659574468085,0.23404255319148937,0.1276595744680851,0.0,2.9574468085106385
82799,39.87692307692308,39,3.95,4.4,0.5319148936170213,0.0425531914893617,0.0425531914893617,0.19148936170212766,0.19148936170212766,0.0,3.276595744680851
83388,32.28636363636363,22,3.8,4.3,1.0,0.0,0.0,0.0,0.0,0.0,2.5416666666666665
8340,36.208333333333336,36,4.6,3.8,0.7777777777777778,0.1111111111111111,0.027777777777777776,0.027777777777777776,0.05555555555555555,0.0,2.638888888888889
83710,34.43125,16,4.384615384615385,3.6923076923076925,0.65,0.05,0.1,0.15,0.05,0.0,2.75
83894,37.114285714285714,14,4.0,5.0,0.9285714285714286,0.0,0.07142857142857142,0.0,0.0,0.0,3.357142857142857
84653,40.33913043478261,23,4.5,5.0,0.7741935483870968,0.03225806451612903,0.06451612903225806,0.0967741935483871,0.03225806451612903,0.0,2.4193548387096775
85146,26.88888888888889,9,2.75,3.75,0.7777777777777778,0.1111111111111111,0.1111111111111111,0.0,0.0,0.0,2.4444444444444446
85640,45.74814814814815,27,2.8333333333333335,4.833333333333333,0.8928571428571429,0.0,0.0,0.07142857142857142,0.0,0.03571428571428571,2.75
85783,48.92049180327869,122,3.391304347826087,4.304347826086956,0.6717557251908397,0.007633587786259542,0.015267175572519083,0.1984732824427481,0.10687022900763359,0.0,3.2595419847328246
86326,39.4,12,4.6,5.0,0.6153846153846154,0.07692307692307693,0.0,0.23076923076923078,0.0,0.07692307692307693,2.769230769230769
865,38.27777777777778,36,4.222222222222222,4.0,0.8947368421052632,0.0,0.02631578947368421,0.02631578947368421,0.02631578947368421,0.02631578947368421,2.789473684210526
86972,38.08888888888889,9,4.333333333333333,4.333333333333333,1.0,0.0,0.0,0.0,0.0,0.0,2.3333333333333335
87195,51.779629629629625,54,4.611111111111111,4.611111111111111,0.7017543859649122,0.03508771929824561,0.0,0.08771929824561403,0.17543859649122806,0.0,3.175438596491228
87384,30.84193548387097,31,4.3076923076923075,4.384615384615385,0.7428571428571429,0.02857142857142857,0.11428571428571428,0.05714285714285714,0.02857142857142857,0.02857142857142857,2.3714285714285714
87396,40.09166666666666,12,4.142857142857143,4.428571428571429,0.5333333333333333,0.2,0.06666666666666667,0.2,0.0,0.0,3.8666666666666667
88068,29.866666666666667,9,2.0,3.5,0.7,0.0,0.1,0.0,0.2,0.0,2.0
88084,28.21578947368421,38,3.2222222222222223,3.4444444444444446,0.975609756097561,0.0,0.0,0.024390243902439025,0.0,0.0,2.7804878048780486
88180,38.675,4,4.5,4.0,1.0,0.0,0.0,0.0,0.0,0.0,2.75
88258,39.93333333333333,18,5.0,5.0,0.7777777777777778,0.0,0.05555555555555555,0.05555555555555555,0.1111111111111111,0.0,3.0555555555555554
88380,33.135416666666664,48,4.045454545454546,4.0,0.7884615384615384,0.019230769230769232,0.07692307692307693,0.07692307692307693,0.038461538461538464,0.0,2.6923076923076925
88772,28.60666666666667,15,4.5,4.5,0.6470588235294118,0.0,0.058823529411764705,0.23529411764705882,0.058823529411764705,0.0,2.4705882352941178
88988,33.125,4,4.0,4.666666666666667,0.75,0.0,0.0,0.0,0.25,0.0,2.5
89012,36.916666666666664,18,3.6875,3.9375,0.875,0.0,0.08333333333333333,0.041666666666666664,0.0,0.0,2.2083333333333335
89064,27.28846153846154,26,4.166666666666667,4.333333333333333,0.7857142857142857,0.0,0.0,0.14285714285714285,0.07142857142857142,0.0,2.7142857142857144
8913,33.93076923076923,13,5.0,4.0,0.8235294117647058,0.0,0.0,0.11764705882352941,0.0,0.058823529411764705,2.823529411764706
90030,38.47391304347826,23,4.666666666666667,4.777777777777778,0.48,0.04,0.08,0.32,0.08,0.0,2.56
90428,35.47826086956522,23,4.333333333333333,5.0,0.8148148148148148,0.037037037037037035,0.037037037037037035,0.037037037037037035,0.037037037037037035,0.037037037037037035,2.5555555555555554
90875,23.5,12,4.0,5.0,1.0,0.0,0.0,0.0,0.0,0.0,2.3333333333333335
90887,23.95,8,4.5,4.25,0.8888888888888888,0.0,0.0,0.1111111111111111,0.0,0.0,3.111111111111111
91017,33.105555555555554,18,3.6666666666666665,4.0,0.8421052631578947,0.0,0.05263157894736842,0.0,0.05263157894736842,0.05263157894736842,2.526315789473684
91067,34.142857142857146,14,3.076923076923077,4.0,0.9375,0.0,0.0,0.0,0.0,0.0625,2.8125
91181,32.050000000000004,12,4.25,4.25,0.5833333333333334,0.0,0.16666666666666666,0.16666666666666666,0.08333333333333333,0.0,2.3333333333333335
91195,28.01,10,4.25,4.75,1.0,0.0,0.0,0.0,0.0,0.0,3.3
91262,43.32,5,5.0,4.5,0.8333333333333334,0.0,0.16666666666666666,0.0,0.0,0.0,2.3333333333333335
91431,38.9695652173913,23,4.1,3.4,0.5833333333333334,0.0,0.16666666666666666,0.16666666666666666,0.08333333333333333,0.0,2.6666666666666665
92001,30.42105263157895,57,4.428571428571429,4.857142857142857,0.7301587301587301,0.015873015873015872,0.06349206349206349,0.09523809523809523,0.047619047619047616,0.047619047619047616,2.5238095238095237
92080,27.419999999999998,10,4.25,4.5,0.9090909090909091,0.0,0.0,0.09090909090909091,0.0,0.0,2.727272727272727
92988,33.480000000000004,10,3.5,4.5,0.5833333333333334,0.0,0.16666666666666666,0.08333333333333333,0.08333333333333333,0.08333333333333333,2.8333333333333335
9302,32.97741935483871,31,3.8095238095238093,4.428571428571429,0.4864864864864865,0.0,0.1891891891891892,0.13513513513513514,0.1891891891891892,0.0,2.6216216216216215
9311,35.14375,32,4.0,4.333333333333333,0.631578947368421,0.0,0.21052631578947367,0.02631578947368421,0.13157894736842105,0.0,2.6842105263157894
9414,34.23571428571429,28,3.1176470588235294,4.352941176470588,0.6896551724137931,0.0,0.034482758620689655,0.13793103448275862,0.13793103448275862,0.0,2.206896551724138
94227,28.681818181818183,11,4.166666666666667,4.166666666666667,0.6923076923076923,0.0,0.0,0.15384615384615385,0.15384615384615385,0.0,2.6923076923076925
9425,31.05909090909091,22,3.6,4.8,0.34615384615384615,0.07692307692307693,0.15384615384615385,0.34615384615384615,0.038461538461538464,0.038461538461538464,2.8076923076923075
94762,34.696666666666665,90,3.25,4.0,0.9052631578947369,0.0,0.042105263157894736,0.031578947368421054,0.021052631578947368,0.0,2.642105263157895
95017,41.13181818181818,44,3.5384615384615383,5.0,0.45454545454545453,0.06818181818181818,0.045454545454545456,0.20454545454545456,0.20454545454545456,0.022727272727272728,3.272727272727273
95175,36.7,42,4.0,4.444444444444445,0.6923076923076923,0.0,0.019230769230769232,0.057692307692307696,0.21153846153846154,0.019230769230769232,2.6346153846153846
95489,30.96,25,4.25,4.083333333333333,0.8,0.0,0.04,0.12,0.04,0.0,2.56
95506,34.38235294117647,17,3.5,4.416666666666667,0.9473684210526315,0.0,0.05263157894736842,0.0,0.0,0.0,3.0
96442,26.552941176470586,17,3.75,5.0,0.8235294117647058,0.0,0.0,0.058823529411764705,0.058823529411764705,0.058823529411764705,2.764705882352941
968,34.39866666666667,75,3.962962962962963,3.925925925925926,0.8987341772151899,0.012658227848101266,0.06329113924050633,0.012658227848101266,0.012658227848101266,0.0,2.9367088607594938
96951,42.07073170731707,41,4.636363636363637,4.0,0.5833333333333334,0.020833333333333332,0.0625,0.16666666666666666,0.16666666666666666,0.0,3.2708333333333335
97089,32.06,5,4.5,4.5,1.0,0.0,0.0,0.0,0.0,0.0,2.8333333333333335
97443,43.69565217391305,23,4.666666666666667,4.666666666666667,0.75,0.041666666666666664,0.041666666666666664,0.08333333333333333,0.08333333333333333,0.0,2.6666666666666665
97778,40.61785714285714,28,3.619047619047619,3.857142857142857,0.4482758620689655,0.1724137931034483,0.06896551724137931,0.2413793103448276,0.06896551724137931,0.0,3.5517241379310347
98305,38.550000000000004,22,3.4285714285714284,4.714285714285714,0.5925925925925926,0.14814814814814814,0.0,0.1111111111111111,0.14814814814814814,0.0,3.037037037037037
98595,41.17551020408163,49,4.0,4.4,0.8,0.0,0.18461538461538463,0.0,0.015384615384615385,0.0,2.8923076923076922
98665,27.10666666666667,15,3.6,4.1,1.0,0.0,0.0,0.0,0.0,0.0,2.5
98764,24.529411764705884,17,3.857142857142857,2.857142857142857,0.875,0.0,0.0,0.0625,0.0625,0.0,2.5
98918,34.47894736842105,38,4.785714285714286,4.214285714285714,0.5952380952380952,0.023809523809523808,0.09523809523809523,0.14285714285714285,0.14285714285714285,0.0,3.142857142857143
98957,26.214285714285715,14,4.0,4.0,0.6666666666666666,0.0,0.08333333333333333,0.08333333333333333,0.16666666666666666,0.0,2.5
99406,48.96,15,3.888888888888889,4.666666666666667,0.6666666666666666,0.06666666666666667,0.0,0.13333333333333333,0.13333333333333333,0.0,3.066666666666667
99820,45.4,19,4.666666666666667,5.0,0.4827586206896552,0.13793103448275862,0.06896551724137931,0.20689655172413793,0.06896551724137931,0.034482758620689655,2.7241379310344827
