CO_CURSO,NT_GER,QT_ALUNOS,QE_I57,QE_I15_C,QE_I15_E,QE_I04_media,CO_TURNO_GRADUACAO_4,QE_I13_A,QE_I13_B,QE_I13_D,QE_I24_A,QE_I12_A,QE_I11_A,QE_I19_B,PCA_ECON_1,PCA_ECON_2,NT_GER_PREVISTA
101830,37.089999999999996,20,5.3,0.09523809523809523,0.19047619047619047,2.0,1.0,0.6666666666666666,0.047619047619047616,0.14285714285714285,0.42857142857142855,0.6190476190476191,1.0,0.6190476190476191,-2.0171327202262637,-0.7117522852880619,37.8811294791649
101942,35.676811594202896,69,4.797297297297297,0.0945945945945946,0.22972972972972974,1.945945945945946,0.0,0.3108108108108108,0.1891891891891892,0.12162162162162163,0.25675675675675674,0.5405405405405406,0.9054054054054054,0.6891891891891891,-2.278637172479159,0.16185262924203123,36.52278973220555
102590,41.91818181818182,11,4.526315789473684,0.21052631578947367,0.10526315789473684,2.0526315789473686,0.0,0.5789473684210527,0.10526315789473684,0.05263157894736842,0.10526315789473684,0.7368421052631579,0.9473684210526315,0.7894736842105263,-2.9748791221726405,-0.5183854370079312,38.17983057472259
103062,42.34,35,4.487179487179487,0.02564102564102564,0.1282051282051282,2.4615384615384617,0.0,0.5641025641025641,0.28205128205128205,0.1282051282051282,0.1282051282051282,0.8717948717948718,0.9487179487179487,0.7435897435897436,0.9843883118268664,0.36363080579649537,41.73903840456128
1032473,38.06,5,5.5,0.16666666666666666,0.0,1.6666666666666667,1.0,0.6666666666666666,0.0,0.0,0.0,1.0,0.0,0.8333333333333334,0.7179566476686904,0.46685357088401136,38.10366472111588
104360,32.11176470588235,17,5.375,0.0,0.058823529411764705,2.2941176470588234,1.0,1.0,0.0,0.0,0.7058823529411765,1.0,0.11764705882352941,0.7058823529411765,-2.296958307555929,-0.1976611216966417,33.100687499643364
1047907,34.689473684210526,19,4.958333333333333,0.041666666666666664,0.08333333333333333,2.4166666666666665,1.0,1.0,0.0,0.0,0.25,0.9583333333333334,0.0,0.75,0.9222450894739772,-0.4975668984590299,36.32821197453856
10515,37.06666666666667,9,5.384615384615385,0.0,0.07692307692307693,2.769230769230769,1.0,0.9230769230769231,0.0,0.0,0.5384615384615384,1.0,0.0,0.9230769230769231,3.629774392859425,0.9525525246321674,37.19079371624856
106167,36.913953488372094,43,5.391304347826087,0.13043478260869565,0.2391304347826087,1.7608695652173914,0.0,0.1956521739130435,0.1956521739130435,0.043478260869565216,0.5217391304347826,0.4782608695652174,0.9347826086956522,0.5869565217391305,-0.8901825172045826,-0.0980272180507511,37.10590402260312
106996,27.101052631578945,95,5.405940594059406,0.09803921568627451,0.06862745098039216,2.7450980392156863,0.8055555555555556,0.8921568627450981,0.00980392156862745,0.0,0.09803921568627451,0.9313725490196079,0.0,0.7156862745098039,-0.7661258003926779,0.32789059431364315,29.190928878627957
1070485,31.058823529411764,17,4.842105263157895,0.10526315789473684,0.10526315789473684,2.8421052631578947,1.0,0.9473684210526315,0.0,0.0,0.10526315789473684,1.0,0.0,0.631578947368421,-1.8093326135191232,0.018703696623014226,32.82452431488576
107360,38.31304347826087,46,5.25,0.09615384615384616,0.1346153846153846,2.3846153846153846,0.0,0.4423076923076923,0.057692307692307696,0.17307692307692307,0.6153846153846154,0.3076923076923077,0.8076923076923077,0.7115384615384616,-1.905504932723097,-0.06348813186715191,38.29306277002739
107422,32.305,20,5.590909090909091,0.09090909090909091,0.045454545454545456,1.5909090909090908,1.0,0.9545454545454546,0.0,0.0,0.5454545454545454,1.0,0.0,0.6363636363636364,-1.2605030661650172,-1.5622907330067377,33.661033171889414
107920,24.76842105263158,19,5.238095238095238,0.045454545454545456,0.0,2.3181818181818183,0.43333333333333335,0.9090909090909091,0.0,0.0,0.0,0.9545454545454546,0.0,0.5,-2.790301990202534,-0.0576535228195115,28.096613087566187
108660,29.325,68,4.585365853658536,0.06097560975609756,0.04878048780487805,1.6951219512195121,0.0,0.9878048780487805,0.0,0.0,0.04878048780487805,0.9878048780487805,0.9878048780487805,0.5975609756097561,0.24936814681968372,-1.4725424011264578,29.508117320792827
1101244,40.29772727272727,44,4.903846153846154,0.0,0.019230769230769232,2.75,1.0,0.5576923076923077,0.07692307692307693,0.15384615384615385,0.36538461538461536,0.8269230769230769,1.0,0.7307692307692307,1.8724081496827645,-0.004973140364904929,40.83308522952337
1102628,44.18490566037736,53,5.5,0.034482758620689655,0.1724137931034483,3.0344827586206895,0.0,0.5517241379310345,0.20689655172413793,0.05172413793103448,0.29310344827586204,0.8448275862068966,1.0,0.8620689655172413,2.641027406154015,0.8284426142249554,44.7737293892256
1103723,35.309090909090905,11,5.869565217391305,0.0,0.043478260869565216,2.6956521739130435,1.0,1.0,0.0,0.0,0.9565217391304348,1.0,0.0,0.34782608695652173,0.8852372254136022,-0.6626453976431609,36.568450641961846
1108692,40.093333333333334,15,5.555555555555555,0.0,0.0,2.388888888888889,1.0,0.8888888888888888,0.0,0.0,0.16666666666666666,1.0,0.0,0.5555555555555556,1.0328341939622663,-0.0015105427399773606,37.49263819521594
1117717,32.69,10,5.363636363636363,0.09090909090909091,0.09090909090909091,2.1818181818181817,1.0,0.45454545454545453,0.0,0.09090909090909091,0.0,0.5454545454545454,0.9090909090909091,0.7272727272727273,-1.6777072590513082,-0.03997706635342242,34.256825154609544
1118057,43.15,24,4.925925925925926,0.07142857142857142,0.07142857142857142,1.7142857142857142,1.0,0.6785714285714286,0.17857142857142858,0.03571428571428571,0.4642857142857143,0.5357142857142857,1.0,0.5357142857142857,-0.03015965416126155,-0.6141340555199899,38.84878438765073
112086,34.257894736842104,19,4.9,0.1,0.0,2.15,1.0,0.15,0.25,0.15,0.4,0.4,1.0,0.55,-2.905199279451043,-0.28037679712295527,36.03676222821281
1132918,46.145833333333336,24,5.12,0.038461538461538464,0.11538461538461539,2.9615384615384617,1.0,0.6923076923076923,0.11538461538461539,0.0,0.5,0.8846153846153846,1.0,0.5384615384615384,2.628091330211157,-0.26242425532207947,44.135536568743554
113455,32.10952380952381,21,5.384615384615385,0.038461538461538464,0.0,1.7692307692307692,1.0,0.9230769230769231,0.0,0.0,0.07692307692307693,0.9615384615384616,1.0,0.6538461538461539,0.459578533651343,-1.5038790182452253,34.12542468534955
1136142,44.54818181818182,110,5.224,0.07936507936507936,0.19047619047619047,3.0793650793650795,0.0,0.6031746031746031,0.047619047619047616,0.12698412698412698,0.4603174603174603,0.8412698412698413,0.9682539682539683,0.6984126984126984,1.4696255512299268,0.3889454751409763,44.74487945932235
113687,32.223076923076924,13,4.428571428571429,0.0,0.07142857142857142,2.357142857142857,0.0,0.9285714285714286,0.0,0.0,0.07142857142857142,0.9285714285714286,1.0,0.6428571428571429,1.509852479322083,-0.684372880250292,34.52393752184237
113813,44.15,12,5.0,0.07692307692307693,0.0,3.1538461538461537,0.0,0.46153846153846156,0.38461538461538464,0.07692307692307693,0.46153846153846156,0.9230769230769231,1.0,0.9230769230769231,2.7252176087701687,-1.0455345902733812,43.70763021004863
1139692,42.96666666666667,12,4.764705882352941,0.0,0.0,2.823529411764706,0.05555555555555555,0.7647058823529411,0.11764705882352941,0.11764705882352941,0.5882352941176471,0.9411764705882353,1.0,0.8823529411764706,2.440489934595269,0.657105989741737,42.60185846003472
11452,44.507999999999996,75,5.608108108108108,0.04,0.26666666666666666,3.2266666666666666,0.0,0.3466666666666667,0.30666666666666664,0.0,0.5066666666666667,0.8533333333333334,0.9333333333333333,0.8,-0.9691927786771835,0.7907144587266046,43.17586771562629
114616,35.62,25,4.464285714285714,0.10714285714285714,0.14285714285714285,2.607142857142857,1.0,1.0,0.0,0.0,0.03571428571428571,1.0,0.0,0.42857142857142855,0.4454388806601117,-0.5210023807790674,34.70725904099461
1148708,35.005,20,6.0,0.13043478260869565,0.043478260869565216,2.391304347826087,1.0,0.8695652173913043,0.08695652173913043,0.043478260869565216,0.30434782608695654,0.9565217391304348,0.0,0.6956521739130435,0.6716717944437534,-0.9569264074648464,36.943574537802746
11554,47.64,20,4.869565217391305,0.041666666666666664,0.125,3.5,0.0,0.3333333333333333,0.16666666666666666,0.3333333333333333,0.2916666666666667,0.7916666666666666,0.9583333333333334,0.8333333333333334,-1.2426768243029442,1.3707828622000198,43.877082098554965
1161716,31.7625,8,6.0,0.09090909090909091,0.0,2.5454545454545454,1.0,0.9090909090909091,0.0,0.0,0.7272727272727273,1.0,0.0,0.45454545454545453,1.132236753949921,-1.0903850549023268,36.74521410802862
1166783,36.87,10,5.090909090909091,0.09090909090909091,0.09090909090909091,2.727272727272727,0.0,0.6363636363636364,0.18181818181818182,0.09090909090909091,0.45454545454545453,0.7272727272727273,0.9090909090909091,0.45454545454545453,1.860289350602118,-0.029640605069057403,41.474791284906274
116770,40.656410256410254,39,4.8979591836734695,0.10204081632653061,0.10204081632653061,2.204081632653061,0.0,0.4489795918367347,0.02040816326530612,0.20408163265306123,0.30612244897959184,0.5306122448979592,0.9795918367346939,0.7959183673469388,0.23150105801225263,-0.7532483437969667,39.11316620402943
117022,40.705263157894734,19,5.666666666666667,0.047619047619047616,0.047619047619047616,3.3333333333333335,1.0,1.0,0.0,0.0,0.5714285714285714,1.0,0.0,0.7619047619047619,-0.4592337678027777,-0.24953772174692646,36.732096056627476
11730,38.30277777777778,36,4.7105263157894735,0.0,0.0,3.6842105263157894,0.3103448275862069,0.6052631578947368,0.3684210526315789,0.0,0.05263157894736842,1.0,0.0,0.7368421052631579,1.1464888743785238,2.2596859293798364,41.50635574777809
117532,42.705882352941174,17,5.896551724137931,0.0,0.0,2.8620689655172415,1.0,0.9655172413793104,0.034482758620689655,0.0,0.20689655172413793,1.0,0.0,0.5862068965517241,-1.564208276186721,0.3693111864182774,36.990300233032
1181115,30.819565217391304,46,5.2075471698113205,0.09433962264150944,0.05660377358490566,2.1320754716981134,0.0,0.32075471698113206,0.4339622641509434,0.0,0.4716981132075472,0.5283018867924528,0.8867924528301887,0.6415094339622641,-0.495125271495789,-0.536032749890672,33.49491596137199
1181327,42.150000000000006,18,5.35,0.05,0.05,1.15,0.0,0.65,0.2,0.05,0.35,0.7,1.0,0.4,1.5810068313658658,-0.9653123285849406,40.814244128612685
118420,45.91269841269841,63,5.313432835820896,0.0,0.19117647058823528,2.985294117647059,0.0,0.6617647058823529,0.17647058823529413,0.058823529411764705,0.36764705882352944,0.8235294117647058,1.0,0.7794117647058824,1.8844233414884357,0.28472116543242865,44.63959294967724
118468,44.695,20,4.894736842105263,0.1,0.15,2.4,1.0,0.35,0.05,0.4,0.4,0.65,1.0,0.7,0.8690961568530212,0.016921583727952463,41.964884482992275
1187671,33.2,20,4.571428571428571,0.047619047619047616,0.19047619047619047,2.2857142857142856,0.0,0.19047619047619047,0.42857142857142855,0.19047619047619047,0.047619047619047616,0.47619047619047616,1.0,0.6190476190476191,-0.069984141257313,-0.0297833845901251,36.24384569008396
118994,27.736363636363638,22,5.217391304347826,0.125,0.0,2.3333333333333335,1.0,0.9166666666666666,0.0,0.041666666666666664,0.625,1.0,0.0,0.625,-0.250082653673869,-0.5240105528502972,32.7060338927179
1190071,34.21666666666667,66,4.617647058823529,0.014705882352941176,0.029411764705882353,2.25,0.5517241379310345,0.6029411764705882,0.22058823529411764,0.058823529411764705,0.27941176470588236,0.9264705882352942,0.9852941176470589,0.7352941176470589,0.5100657836426162,-0.4835560381070749,35.5649892935089
1190145,27.7,6,5.833333333333333,0.0,0.16666666666666666,1.5,0.0,0.0,0.5,0.5,0.3333333333333333,0.8333333333333334,1.0,0.6666666666666666,-3.771641930600468,-0.6004278002066112,37.42275463603872
1203177,31.07,10,4.25,0.08333333333333333,0.16666666666666666,1.9166666666666667,0.5,1.0,0.0,0.0,0.25,1.0,0.0,0.75,-1.8670636728782037,-1.06708283487226,31.22396810083939
1204325,37.15,20,5.761904761904762,0.0,0.043478260869565216,2.391304347826087,1.0,0.9565217391304348,0.0,0.0,0.08695652173913043,0.7391304347826086,0.0,0.6521739130434783,-1.5994030612599912,-1.075247623415884,34.835953021997234
12313,54.96521739130435,23,5.413793103448276,0.034482758620689655,0.034482758620689655,3.2758620689655173,0.0,0.0,0.3793103448275862,0.2413793103448276,0.5517241379310345,0.5172413793103449,0.9310344827586207,0.7586206896551724,1.0486205164295106,1.1026004664237825,47.21575057331786
1258063,25.6125,8,5.5,0.0,0.0,2.75,0.5,1.0,0.0,0.0,0.0,1.0,0.0,0.875,-1.077948640635668,0.45180694017695505,28.644143126105245
1265453,31.182608695652174,23,4.615384615384615,0.07692307692307693,0.07692307692307693,2.269230769230769,0.45454545454545453,0.9230769230769231,0.0,0.07692307692307693,0.34615384615384615,0.9230769230769231,1.0,0.6923076923076923,-0.5353807460749841,-0.8913707224414099,31.87066211628559
1267543,37.733333333333334,33,4.484848484848484,0.06060606060606061,0.06060606060606061,3.242424242424242,1.0,0.3939393939393939,0.12121212121212122,0.12121212121212122,0.3939393939393939,0.8484848484848485,1.0,0.7878787878787878,0.3341105577133337,1.6164456391183863,39.19669799653527
1269545,37.355555555555554,18,4.647058823529412,0.05555555555555555,0.16666666666666666,2.2777777777777777,0.0,0.3888888888888889,0.3888888888888889,0.05555555555555555,0.7777777777777778,0.6666666666666666,0.9444444444444444,0.8333333333333334,-1.8235366702011735,-0.37887555767318265,38.91672334653138
1270596,37.689655172413794,29,5.393939393939394,0.030303030303030304,0.2727272727272727,2.4545454545454546,0.0,0.3333333333333333,0.09090909090909091,0.09090909090909091,0.6666666666666666,0.45454545454545453,0.9090909090909091,0.7272727272727273,-1.5632048694352558,0.2877573033883793,39.226941908682065
1272079,44.71875,16,5.722222222222222,0.05555555555555555,0.1111111111111111,1.8888888888888888,0.0,0.05555555555555555,0.05555555555555555,0.4444444444444444,0.4444444444444444,0.6666666666666666,0.8888888888888888,0.5,1.5934498499571488,-0.6513774456930582,42.117242133558754
1283028,37.45238095238095,21,5.0,0.0,0.05,2.55,1.0,0.9,0.0,0.0,0.55,1.0,0.05,0.7,0.4313542081078908,-1.418655036101296,35.07392889984195
1288002,49.561904761904756,21,5.5,0.0,0.0,4.0,0.0,0.5454545454545454,0.4090909090909091,0.0,0.09090909090909091,1.0,0.0,0.8181818181818182,2.094865779488616,2.5986300673271487,44.86074853977763
1288839,35.19666666666667,30,5.3125,0.125,0.09375,2.15625,1.0,0.53125,0.03125,0.1875,0.53125,0.53125,0.8125,0.5625,-0.6114125125019748,-0.5832376214422889,36.66029874362946
1299927,38.945454545454545,11,5.25,0.08333333333333333,0.0,1.8333333333333333,0.0,0.4166666666666667,0.08333333333333333,0.16666666666666666,0.08333333333333333,0.5833333333333334,1.0,0.6666666666666666,-0.37486583101962234,-0.726200364070537,36.768694157031575
1300284,24.666666666666668,9,5.2,0.0,0.0,1.9,0.7,0.9,0.0,0.0,0.0,1.0,0.0,0.9,-1.7665921033569438,0.23229901246075843,27.473593532705664
1300429,41.945454545454545,11,5.916666666666667,0.0,0.5,2.25,0.0,0.0,0.5,0.25,0.16666666666666666,0.5,1.0,1.0,0.5029312733856591,-0.9151693226687199,39.391163968130094
1306689,30.82972972972973,37,5.195652173913044,0.15217391304347827,0.021739130434782608,3.1739130434782608,0.36538461538461536,0.9347826086956522,0.0,0.0,0.08695652173913043,0.9782608695652174,0.0,0.717391304347826,-0.4662613048679666,0.8726140657933747,29.331958421213354
1314243,37.43,40,4.904761904761905,0.14285714285714285,0.047619047619047616,1.9285714285714286,0.0,0.5952380952380952,0.14285714285714285,0.047619047619047616,0.6190476190476191,0.30952380952380953,0.9761904761904762,0.6428571428571429,-1.4764845593163785,-1.0136003712453014,36.571266697184676
1315444,34.55714285714286,7,4.714285714285714,0.0,0.0,3.2857142857142856,1.0,0.7142857142857143,0.0,0.0,0.0,1.0,0.0,0.7142857142857143,-2.3607488037166333,1.9209858994262323,32.12720965725869
1318224,34.71176470588235,17,5.0,0.05,0.0,3.0,1.0,0.65,0.15,0.05,0.4,0.75,1.0,0.65,0.27421737356364295,-0.46124788903436426,37.62607037999635
13216,51.49655172413794,29,5.0,0.0,0.06896551724137931,2.9310344827586206,0.0,0.13793103448275862,0.5862068965517241,0.10344827586206896,0.4482758620689655,0.9310344827586207,1.0,0.7241379310344828,1.793497046696299,0.9061347518941126,46.48493281018558
1322390,26.26851851851852,54,4.724137931034483,0.017241379310344827,0.034482758620689655,3.0,0.6825396825396826,0.9137931034482759,0.0,0.0,0.017241379310344827,1.0,0.0,0.7931034482758621,-0.5247347712836589,0.20278891489127743,27.02796983155542
1322665,32.08421052631579,19,5.842105263157895,0.0,0.05263157894736842,2.4210526315789473,1.0,1.0,0.0,0.0,0.7368421052631579,1.0,0.0,0.5263157894736842,0.045939549622820756,-0.2651496576764185,34.95916671242122
13277,48.769999999999996,60,5.096774193548387,0.047619047619047616,0.06349206349206349,3.365079365079365,0.0,0.2698412698412698,0.5714285714285714,0.07936507936507936,0.49206349206349204,0.9047619047619048,0.9841269841269841,0.8412698412698413,0.7548967801786653,1.2985941015069937,47.99424403298898
1330347,43.29705882352941,34,5.5,0.0,0.02631578947368421,3.1842105263157894,0.0,0.42105263157894735,0.21052631578947367,0.10526315789473684,0.42105263157894735,0.8947368421052632,1.0,0.7631578947368421,0.6757701090152567,0.45507247967668335,41.90423246628455
13401,42.8734375,64,5.257142857142857,0.04285714285714286,0.12857142857142856,2.9714285714285715,0.0,0.34285714285714286,0.2,0.11428571428571428,0.38571428571428573,0.6857142857142857,0.9428571428571428,0.7142857142857143,0.037182488951604115,0.5219943068211603,42.249645770135075
13446,44.731914893617024,94,5.574257425742574,0.049019607843137254,0.09803921568627451,2.8823529411764706,0.0,0.19607843137254902,0.16666666666666666,0.17647058823529413,0.3235294117647059,0.7352941176470589,0.9509803921568627,0.7549019607843137,1.0137756394046276,0.7111998927763455,44.435008928267195
1351760,31.876923076923074,26,5.548387096774194,0.22580645161290322,0.06451612903225806,2.032258064516129,1.0,1.0,0.0,0.0,0.03225806451612903,0.967741935483871,0.0,0.6129032258064516,-1.4597808321307728,-1.078410865409794,31.908500368795313
13595,48.35609756097561,123,5.246268656716418,0.03676470588235294,0.15441176470588236,3.411764705882353,0.0,0.4117647058823529,0.13970588235294118,0.19852941176470587,0.5367647058823529,0.8529411764705882,0.9779411764705882,0.8308823529411765,1.736706029231491,1.6005429758449057,48.42836810851753
1376131,32.03125,16,5.25,0.11764705882352941,0.058823529411764705,1.3529411764705883,1.0,0.5294117647058824,0.29411764705882354,0.058823529411764705,0.5294117647058824,0.6470588235294118,0.9411764705882353,0.5294117647058824,0.16148610191863463,-1.2831503281500887,35.71423476482291
1376181,35.10227272727273,44,5.333333333333333,0.0625,0.0625,2.8333333333333335,1.0,0.9375,0.0,0.0,0.14583333333333334,0.9375,0.0,0.625,-0.8437184692105955,-0.4383094516064807,33.93077330336053
1379275,45.65,6,5.166666666666667,0.0,0.16666666666666666,2.8333333333333335,0.0,0.3333333333333333,0.16666666666666666,0.3333333333333333,0.3333333333333333,0.3333333333333333,1.0,0.8333333333333334,-2.314015819613306,-0.8009314824644117,41.39695256893095
1385488,36.728571428571435,14,5.411764705882353,0.0,0.058823529411764705,2.764705882352941,1.0,0.8823529411764706,0.11764705882352941,0.0,0.47058823529411764,1.0,0.0,0.8823529411764706,0.6905661452368229,0.19902991454520394,38.27806570295012
1385942,33.625,16,5.176470588235294,0.0,0.0,3.7058823529411766,0.0,0.8823529411764706,0.0,0.11764705882352941,0.35294117647058826,0.8823529411764706,0.0,0.9411764705882353,-0.043431215063456534,2.5696261069460564,34.193532973148194
13980,44.85625,32,5.529411764705882,0.029411764705882353,0.14705882352941177,3.264705882352941,0.0,0.3235294117647059,0.3235294117647059,0.058823529411764705,0.4117647058823529,0.8823529411764706,0.9705882352941176,0.8823529411764706,1.1906700395095753,0.9053578133453974,45.71037717253117
1403879,29.35,8,4.875,0.0,0.0,2.375,0.0,0.875,0.0,0.0,0.125,1.0,0.0,0.625,-1.077948640635668,0.45180694017695505,30.52319724146047
1427745,35.51428571428572,21,4.96,0.07692307692307693,0.0,2.6923076923076925,1.0,0.9230769230769231,0.0,0.0,0.11538461538461539,1.0,0.0,0.5384615384615384,-1.5136679646980002,-0.11852290328003783,34.13151991524112
18558,34.41875,16,5.111111111111111,0.0,0.05555555555555555,2.2222222222222223,0.0,0.7222222222222222,0.05555555555555555,0.2222222222222222,0.5,0.8888888888888888,1.0,0.6111111111111112,-2.230047475472692,0.6065034292039498,36.62195538402665
18559,40.392857142857146,28,5.114285714285714,0.0,0.0,2.657142857142857,0.0,0.8285714285714286,0.08571428571428572,0.08571428571428572,0.34285714285714286,0.8857142857142857,0.9714285714285714,0.7428571428571429,-1.5629253224846402,0.7145758478409869,38.22402739960002
18584,33.872093023255815,43,5.208333333333333,0.0,0.02040816326530612,1.9591836734693877,0.0,0.673469387755102,0.04081632653061224,0.08163265306122448,0.32653061224489793,0.8163265306122449,0.9387755102040817,0.673469387755102,-0.46964724415564013,-0.6540460779424047,35.50537281751736
18671,38.30625,16,5.294117647058823,0.058823529411764705,0.0,2.6470588235294117,0.0,0.7647058823529411,0.0,0.11764705882352941,0.23529411764705882,0.47058823529411764,1.0,0.8235294117647058,-2.398308912025566,-0.2363472473402444,35.099022315856125
18683,38.741379310344826,29,5.0588235294117645,0.08571428571428572,0.02857142857142857,2.9714285714285715,0.0,0.8571428571428571,0.02857142857142857,0.05714285714285714,0.34285714285714286,0.9714285714285714,0.0,0.7714285714285715,0.5466702348318712,0.8131168336382188,37.62662558548472
18903,38.05263157894737,19,6.0,0.0,0.0,2.4210526315789473,1.0,0.7894736842105263,0.21052631578947367,0.0,0.2631578947368421,0.9473684210526315,0.0,0.7368421052631579,-0.24653458629535757,0.45794894447589823,37.180054003900544
19042,37.795,20,3.9047619047619047,0.09523809523809523,0.09523809523809523,2.2857142857142856,0.0,0.5238095238095238,0.23809523809523808,0.19047619047619047,0.7142857142857143,0.7142857142857143,0.9523809523809523,0.6666666666666666,-0.300372081499243,-0.18357308119920274,37.49916278946241
19047,33.454385964912284,57,5.766666666666667,0.04918032786885246,0.03278688524590164,3.2131147540983607,1.0,0.8032786885245902,0.0,0.04918032786885246,0.08196721311475409,1.0,0.01639344262295082,0.7377049180327869,0.6943141681139045,0.8951584337346474,35.19120394653764
20030,34.51311475409836,61,5.1692307692307695,0.06153846153846154,0.03076923076923077,3.3230769230769233,0.9436619718309859,0.7846153846153846,0.12307692307692308,0.0,0.24615384615384617,1.0,0.015384615384615385,0.7692307692307693,-0.6619185378437262,1.6014563669283985,36.071554760891985
20239,45.13333333333333,24,4.9,0.0,0.06666666666666667,2.8666666666666667,0.0,0.36666666666666664,0.4666666666666667,0.06666666666666667,0.6333333333333333,0.5,1.0,0.7666666666666667,-2.1226225227489453,0.6795730590948654,42.490409295406806
20756,26.983333333333334,6,6.0,0.0,0.0,2.5555555555555554,1.0,1.0,0.0,0.0,0.8888888888888888,1.0,0.0,0.7777777777777778,1.4526517637619285,-1.1821377668818314,37.058325872284726
20933,36.98235294117647,17,4.631578947368421,0.0,0.05,2.7,0.0,0.35,0.1,0.0,0.45,0.95,1.0,0.85,-2.2891121371830874,0.46442921173963037,38.231830126607115
21464,41.827777777777776,18,5.1,0.09090909090909091,0.09090909090909091,2.909090909090909,1.0,0.8636363636363636,0.0,0.0,0.09090909090909091,1.0,0.0,0.45454545454545453,2.2854667917457117,0.023705158047184205,37.89154904103846
22047,36.32857142857143,21,4.9523809523809526,0.045454545454545456,0.0,2.772727272727273,1.0,0.9090909090909091,0.0,0.0,0.045454545454545456,0.9545454545454546,0.0,0.6818181818181818,-1.0636142934250576,-0.10871879643816432,32.90482879863944
2209,40.6089552238806,67,4.4875,0.012345679012345678,0.08641975308641975,3.0123456790123457,0.0,0.2962962962962963,0.30864197530864196,0.06172839506172839,0.345679012345679,0.9629629629629629,0.9876543209876543,0.7407407407407407,0.5035562317657896,0.6133987477609039,41.436851427296915
317,41.98170731707317,82,5.1647058823529415,0.08235294117647059,0.2235294117647059,2.7411764705882353,0.0,0.5058823529411764,0.16470588235294117,0.058823529411764705,0.25882352941176473,0.8588235294117647,0.9764705882352941,0.7411764705882353,0.7491303833536355,0.9017505374923809,42.30140444116607
318882,33.1,8,5.333333333333333,0.0,0.2222222222222222,2.7777777777777777,0.0,0.8888888888888888,0.1111111111111111,0.0,0.1111111111111111,0.4444444444444444,1.0,0.6666666666666666,-1.0120416023846937,0.22667023421916294,36.026436481485554
37862,27.828070175438597,57,4.790322580645161,0.015873015873015872,0.015873015873015872,2.9047619047619047,0.5098039215686274,0.6825396825396826,0.0,0.0,0.15873015873015872,0.9523809523809523,0.015873015873015872,0.6825396825396826,-0.41886743677201177,0.0876033446255877,29.942012753642494
40343,36.84285714285714,14,5.0588235294117645,0.0,0.0,3.176470588235294,1.0,0.9411764705882353,0.058823529411764705,0.0,0.35294117647058826,1.0,0.0,0.5882352941176471,0.42385595550373545,0.07895525644293501,36.3841057368764
41238,38.71818181818182,33,4.947368421052632,0.02631578947368421,0.13157894736842105,2.9210526315789473,0.0,0.5789473684210527,0.13157894736842105,0.10526315789473684,0.4473684210526316,0.7894736842105263,0.9473684210526315,0.8947368421052632,-0.3011118191040376,0.08282220517300087,40.514781328437834
43664,26.19782608695652,46,4.823529411764706,0.05660377358490566,0.05660377358490566,2.339622641509434,0.71875,0.9811320754716981,0.0,0.0,0.03773584905660377,0.9811320754716981,0.018867924528301886,0.7169811320754716,-1.6312687642722343,-0.2870295169534241,27.92818448230243
46377,33.725,8,5.8,0.2,0.1,2.9,1.0,1.0,0.0,0.0,0.0,1.0,0.0,0.8,2.867071700923003,-0.8827908054681662,36.405864591678366
47051,36.06111111111111,18,5.55,0.05,0.05,2.3,1.0,0.75,0.05,0.0,0.05,0.95,0.0,0.5,1.6257020460393763,-0.9919274638257256,38.93856869831255
47069,38.00869565217391,23,5.576923076923077,0.19230769230769232,0.11538461538461539,2.5384615384615383,0.6333333333333333,0.7692307692307693,0.0,0.11538461538461539,0.23076923076923078,1.0,0.0,0.6153846153846154,0.9029796773081912,0.07980568039352769,37.944215280584515
47505,37.306666666666665,15,5.8125,0.125,0.0625,2.5,1.0,0.875,0.0,0.0,0.1875,0.9375,0.0,0.8125,-0.9057485130055887,-0.5660919102855603,36.43787297247516
48205,24.603571428571428,56,4.60655737704918,0.03225806451612903,0.03225806451612903,2.9193548387096775,0.6617647058823529,0.9193548387096774,0.0,0.0,0.03225806451612903,1.0,0.0,0.7419354838709677,-0.40041901721169504,0.0581456383893263,26.993566917162152
48675,36.07272727272727,11,4.933333333333334,0.2,0.13333333333333333,2.2666666666666666,0.9047619047619048,0.9333333333333333,0.0,0.06666666666666667,0.06666666666666667,1.0,0.0,0.26666666666666666,0.8792308456618563,-2.105002584814389,35.8972369226971
49054,37.43,30,5.303030303030303,0.029411764705882353,0.029411764705882353,3.2058823529411766,1.0,0.9117647058823529,0.0,0.058823529411764705,0.058823529411764705,0.9705882352941176,0.0,0.6764705882352942,1.454128371869012,-0.0447668520965366,36.534104177193726
49071,33.44,10,4.923076923076923,0.23076923076923078,0.0,2.769230769230769,1.0,0.9230769230769231,0.0,0.0,0.7692307692307693,0.9230769230769231,0.0,1.0,-0.7824275825637114,0.7185494470364239,32.55745808125812
5000135,41.78169014084507,71,5.108108108108108,0.12,0.10666666666666667,2.2933333333333334,1.0,0.6933333333333334,0.2,0.06666666666666667,0.41333333333333333,0.6133333333333333,1.0,0.52,0.7127359572778715,-0.8947245970753839,41.28449350760368
5000143,39.04642857142857,56,5.1,0.06153846153846154,0.046153846153846156,2.4461538461538463,0.0,0.36923076923076925,0.4307692307692308,0.046153846153846156,0.35384615384615387,0.6615384615384615,0.9692307692307692,0.7692307692307693,1.4270766184882375,-0.08954210835545316,40.64815041891633
50082,40.489999999999995,10,4.571428571428571,0.07142857142857142,0.0,3.142857142857143,1.0,1.0,0.0,0.0,0.14285714285714285,1.0,0.0,0.7857142857142857,-1.374674771258353,-0.23891110849834093,34.69334880443309
50981,31.93,10,5.444444444444445,0.0,0.0,2.2,1.0,0.8,0.0,0.0,0.2,1.0,0.0,0.6,0.8082630026516446,-1.1321589589855248,35.99055625799986
51020,40.339999999999996,5,4.833333333333333,0.16666666666666666,0.16666666666666666,2.8333333333333335,1.0,0.8333333333333334,0.0,0.0,0.0,1.0,0.0,0.8333333333333334,3.0756418993948875,0.02895381690286065,37.632799937022284
513,45.15555555555556,45,5.214285714285714,0.03508771929824561,0.14035087719298245,2.912280701754386,0.0,0.3157894736842105,0.40350877192982454,0.15789473684210525,0.543859649122807,0.8771929824561403,0.9824561403508771,0.7543859649122807,-0.743699254027492,0.9720307990615058,43.80414776903434
53331,47.042857142857144,7,5.428571428571429,0.14285714285714285,0.0,2.4285714285714284,1.0,0.8571428571428571,0.0,0.14285714285714285,0.0,1.0,0.0,0.8571428571428571,1.012212626804084,-1.0502823415906755,38.05045909753886
53333,37.957142857142856,14,5.714285714285714,0.07142857142857142,0.0,1.9285714285714286,1.0,1.0,0.0,0.0,0.0,1.0,0.0,0.9285714285714286,0.10773598424123149,-0.5646015608340229,34.54407431991593
53342,50.269999999999996,10,6.0,0.08333333333333333,0.08333333333333333,2.75,1.0,0.6666666666666666,0.0,0.08333333333333333,0.8333333333333334,1.0,0.0,0.9166666666666666,1.1534053844219483,1.032926450237506,42.16007787700803
54934,41.627272727272725,11,5.5,0.0,0.16666666666666666,2.5833333333333335,1.0,0.8333333333333334,0.0,0.0,0.4166666666666667,0.9166666666666666,0.0,0.75,1.235572573869441,-0.42953875202804875,38.94033764479148
55402,36.526666666666664,15,5.625,0.125,0.0,2.75,0.9444444444444444,0.8125,0.0625,0.0,0.125,1.0,0.0,0.8125,-1.5358594754301729,0.09226441086734888,36.45002561080782
55777,38.84230769230769,26,5.925925925925926,0.0,0.0,2.75,1.0,0.9642857142857143,0.0,0.0,0.07142857142857142,1.0,0.0,0.5714285714285714,1.54375326843556,0.3866195650768955,37.100424906705925
56172,40.252941176470586,17,4.809523809523809,0.14285714285714285,0.047619047619047616,2.5238095238095237,0.92,0.9523809523809523,0.0,0.0,0.14285714285714285,1.0,0.0,0.6666666666666666,0.24948018744774028,-0.6816118792807354,35.10923135138989
57606,32.71,10,5.1,0.0,0.0,2.3,0.0,0.7,0.0,0.2,0.3,0.8,1.0,1.0,-1.631092047691468,0.8892857940351339,34.38043343992024
57612,38.333333333333336,6,5.0,0.0,0.0,3.1666666666666665,1.0,1.0,0.0,0.0,0.3333333333333333,1.0,0.0,0.3333333333333333,2.164824132303941,-0.5174472300099634,36.726972568874395
58808,24.65416666666667,24,5.0,0.0,0.034482758620689655,2.2758620689655173,1.0,1.0,0.0,0.0,0.0,0.9310344827586207,0.034482758620689655,0.6206896551724138,0.23920994911938764,-1.0749177796579663,30.183832009509178
59122,40.28333333333333,18,5.894736842105263,0.05263157894736842,0.05263157894736842,2.736842105263158,1.0,0.7368421052631579,0.05263157894736842,0.05263157894736842,0.10526315789473684,0.9473684210526315,0.0,0.7894736842105263,2.8892306163663224,-0.1779505757162892,40.53148742481862
62484,47.78863636363636,44,5.488888888888889,0.0425531914893617,0.1702127659574468,3.297872340425532,0.0,0.2765957446808511,0.425531914893617,0.06382978723404255,0.48936170212765956,0.9787234042553191,0.9574468085106383,0.7872340425531915,1.1243434273025064,1.0099200142609916,48.03522731169119
64664,41.486046511627904,43,5.711538461538462,0.09615384615384616,0.09615384615384616,2.8653846153846154,0.5555555555555556,0.8846153846153846,0.019230769230769232,0.038461538461538464,0.4423076923076923,0.9807692307692307,0.0,0.6923076923076923,2.8824130503613294,0.589082897804224,40.515174959359754
67092,33.94285714285714,7,5.833333333333333,0.0,0.0,2.8333333333333335,1.0,1.0,0.0,0.0,0.08333333333333333,1.0,0.08333333333333333,0.75,-2.5428651684309598,0.9946960800423402,34.4843820922181
67601,39.327777777777776,18,5.2,0.047619047619047616,0.047619047619047616,2.4761904761904763,1.0,0.9523809523809523,0.0,0.0,0.09523809523809523,0.9523809523809523,0.0,0.7619047619047619,0.8046397330251728,-0.36481161887018115,36.88124006164928
68930,41.51538461538462,13,5.25,0.0,0.0,2.076923076923077,1.0,1.0,0.0,0.0,0.5384615384615384,1.0,0.0,0.5384615384615384,-0.3712653136839208,0.15769850420057369,33.824807994040675
73140,40.440000000000005,15,5.5,0.0625,0.0,1.5625,1.0,1.0,0.0,0.0,0.3125,0.9375,0.0,0.5625,-1.3999421205961953,-0.890839812647738,35.04613108864179
74737,31.38888888888889,18,5.55,0.1,0.1,3.35,0.9130434782608695,0.95,0.0,0.0,0.25,1.0,0.0,0.55,-0.5505890362689204,-0.04394968940191306,33.742476705091356
81210,37.516666666666666,6,5.833333333333333,0.0,0.0,2.6666666666666665,1.0,0.8333333333333334,0.0,0.0,0.5,1.0,0.0,0.5,1.8591501190259534,-0.44093577571225995,38.66918026341839
83388,32.28636363636363,22,5.291666666666667,0.0,0.0,3.25,1.0,0.9166666666666666,0.0,0.0,0.25,1.0,0.0,0.8333333333333334,2.288847150788289,0.5412492195219059,36.26332918773432
86326,39.4,12,5.538461538461538,0.0,0.0,1.6923076923076923,1.0,0.6923076923076923,0.15384615384615385,0.15384615384615385,0.07692307692307693,0.9230769230769231,0.9230769230769231,0.6923076923076923,0.11718092014273085,-0.03576653933939051,36.494419928590176
87396,40.09166666666666,12,5.066666666666666,0.06666666666666667,0.0,2.933333333333333,0.0,0.7333333333333333,0.06666666666666667,0.2,0.4666666666666667,0.9333333333333333,1.0,0.8,-1.1187337181348558,0.7420760457128174,38.487114062885524
88068,29.866666666666667,9,5.0,0.1,0.2,2.6,1.0,0.8,0.0,0.0,0.1,0.9,0.0,0.6,0.2138679900957599,-0.7571059329802217,33.5425419093822
88084,28.21578947368421,38,5.219512195121951,0.0,0.0,2.8536585365853657,0.2,0.9512195121951219,0.0,0.0,0.1951219512195122,1.0,0.0,0.7317073170731707,-1.9679725280111773,1.1464278536234502,29.985010523379785
90030,38.47391304347826,23,5.36,0.08,0.08,2.36,0.9666666666666667,0.96,0.0,0.0,0.44,0.96,0.0,0.76,0.7240322319508437,-0.08113691946177762,37.60152111396388
91181,32.050000000000004,12,5.416666666666667,0.16666666666666666,0.08333333333333333,2.25,1.0,0.9166666666666666,0.0,0.0,0.25,1.0,0.0,0.5,1.0167002795849682,0.1924274097197041,36.197306864871756
91262,43.32,5,5.166666666666667,0.16666666666666666,0.0,3.5,0.0,0.3333333333333333,0.16666666666666666,0.3333333333333333,0.16666666666666666,0.8333333333333334,1.0,0.6666666666666666,0.8254693348102057,1.157865017660377,44.961860238490175
9414,34.23571428571429,28,4.793103448275862,0.034482758620689655,0.13793103448275862,2.107142857142857,0.9736842105263158,1.0,0.0,0.0,0.034482758620689655,1.0,0.0,0.7241379310344828,0.5398352591685086,-1.2175510557548554,33.75571286079434
9425,31.05909090909091,22,5.346153846153846,0.15384615384615385,0.038461538461538464,2.1538461538461537,1.0,0.9615384615384616,0.0,0.0,0.46153846153846156,0.9230769230769231,0.038461538461538464,0.38461538461538464,0.028199033183244217,-1.3970647381930863,32.43232043183079
9440,43.586666666666666,15,6.0,0.1111111111111111,0.0,2.3333333333333335,1.0,0.9444444444444444,0.0,0.05555555555555555,0.16666666666666666,1.0,0.0,0.7777777777777778,0.5935509872150605,-0.2901753448396908,38.16713808155182
94762,34.696666666666665,90,4.787234042553192,0.042105263157894736,0.021052631578947368,2.7578947368421054,0.7457627118644068,0.9473684210526315,0.010526315789473684,0.0,0.06315789473684211,0.9894736842105263,0.0,0.631578947368421,0.2919491464574874,-0.3794586804023519,34.55192495736239
95017,41.13181818181818,44,5.704545454545454,0.045454545454545456,0.20454545454545456,1.9772727272727273,0.0,0.36363636363636365,0.13636363636363635,0.06818181818181818,0.2727272727272727,0.5454545454545454,1.0,0.7045454545454546,-0.7932013668005629,-0.18341686597300585,39.91209051419715
95175,36.7,42,5.64,0.019230769230769232,0.21153846153846154,2.3461538461538463,1.0,0.8846153846153846,0.0,0.038461538461538464,0.057692307692307696,0.9807692307692307,0.0,0.6153846153846154,-1.360899611768145,-0.45867673233969297,35.624027530438724
968,34.39866666666667,75,4.886075949367089,0.06329113924050633,0.012658227848101266,3.7848101265822787,0.47674418604651164,0.9240506329113924,0.0379746835443038,0.0,0.6329113924050633,1.0,0.012658227848101266,0.6962025316455697,0.24288034337734374,2.2764418309360788,34.03142197530634
97443,43.69565217391305,23,5.5,0.041666666666666664,0.08333333333333333,2.375,1.0,0.8333333333333334,0.08333333333333333,0.0,0.16666666666666666,1.0,0.0,0.6666666666666666,0.9306740946843303,-0.4500192239560873,40.432531132052084
97778,40.61785714285714,28,4.206896551724138,0.06896551724137931,0.06896551724137931,2.310344827586207,0.0,0.3448275862068966,0.1724137931034483,0.27586206896551724,0.3448275862068966,0.41379310344827586,1.0,0.6551724137931034,-2.042451985136631,-0.04336931230942529,38.63512058575513
98013,40.766666666666666,6,6.0,0.16666666666666666,0.0,3.1666666666666665,1.0,1.0,0.0,0.0,0.0,1.0,0.0,0.3333333333333333,0.4061277871218695,0.24845839208936984,35.69175120251239
98305,38.550000000000004,22,5.555555555555555,0.0,0.14814814814814814,3.0,0.0,0.07407407407407407,0.18518518518518517,0.2962962962962963,0.5555555555555556,0.5555555555555556,1.0,0.8148148148148148,-1.8335923908944813,1.3713970897736172,42.77068735316182
98595,41.17551020408163,49,5.815384615384615,0.18461538461538463,0.015384615384615385,3.0153846153846153,0.7866666666666666,0.9846153846153847,0.0,0.0,0.9692307692307692,0.8769230769230769,0.0,0.5846153846153846,1.093894931839711,-0.8507111975872612,38.84380259186939
98665,27.10666666666667,15,4.6875,0.0,0.0,3.125,0.0625,0.9375,0.0,0.0,0.125,1.0,1.0,0.8125,-1.8791380269510434,1.2448679204117905,29.994580270108486
98764,24.529411764705884,17,3.8,0.0,0.0625,3.0,1.0,1.0,0.0,0.0,0.0625,0.9375,0.0,0.5625,-1.185652192437477,0.8122686977674827,31.29519310283592
98957,26.214285714285715,14,5.166666666666667,0.08333333333333333,0.16666666666666666,2.5,1.0,1.0,0.0,0.0,0.6666666666666666,0.9166666666666666,0.0,0.8333333333333334,-0.14601044447611602,-0.4673774809563738,33.053573883423944
99406,48.96,15,5.133333333333334,0.0,0.13333333333333333,3.3333333333333335,1.0,0.3333333333333333,0.3333333333333333,0.0,0.7333333333333333,0.7333333333333333,1.0,0.7333333333333333,1.345541049825901,0.07562946315089991,45.38721357618363
99820,45.4,19,5.689655172413793,0.06896551724137931,0.06896551724137931,2.3448275862068964,1.0,0.6551724137931034,0.0,0.034482758620689655,0.3448275862068966,0.896551724137931,0.0,0.7586206896551724,-0.21395268946313323,-0.5980740737226866,38.969490364761185
