antecedents,consequents,antecedent support,consequent support,support,confidence,lift,representativity,leverage,conviction,zhangs_metric,jaccard,certainty,kulczynski
"frozenset({'profs_disponibilidade_5', 'metodologia_inovadora_5'})",frozenset({'oportunidades_ic_5'}),0.10027914966716771,0.2205282370624866,0.05325316727506979,0.5310492505353319,2.408078247072094,1.0,0.031138783184844056,1.6621612479078482,0.6499028023712372,0.19903691813804172,0.3983736528217743,0.3862646447418626
"frozenset({'metodologia_inovadora_5', 'oportunidades_ic_5'})",frozenset({'formacao_critica_5'}),0.08653639682198841,0.2559587717414645,0.05260897573545201,0.607940446650124,2.3751498825919692,1.0,0.030459225893963885,1.8977760442290494,0.6338226687007666,0.18148148148148147,0.47306743435775683,0.40673867970090094
"frozenset({'professores_dominio_5', 'oportunidades_ic_5'})",frozenset({'profs_disponibilidade_5'}),0.10435902941808031,0.2619712261112304,0.06484861498818982,0.6213991769547325,2.3720130877690075,1.0,0.037509552095757355,1.949358609293163,0.645813651815357,0.21509971509971507,0.48701075562356383,0.43447008028064493
"frozenset({'metodologia_inovadora_5', 'oportunidades_ic_5'})",frozenset({'profs_disponibilidade_5'}),0.08653639682198841,0.2619712261112304,0.05325316727506979,0.6153846153846154,2.3490542244640604,1.0,0.030583121296365503,1.9188748121108012,0.6287023977433005,0.1803636363636364,0.478861260938654,0.4093316519546028
"frozenset({'oportunidades_ic_5', 'infra_salas_5'})",frozenset({'profs_disponibilidade_5'}),0.08761004938801804,0.2619712261112304,0.05368262830148164,0.6127450980392156,2.3389786242365793,1.0,0.0307313162436371,1.9057958211811263,0.6274323370204754,0.18142235123367198,0.4752848186117623,0.40883156541305044
"frozenset({'oportunidades_ic_5', 'formacao_critica_5'})",frozenset({'metodologia_inovadora_5'}),0.09598453940304917,0.2374919476057548,0.05260897573545201,0.5480984340044743,2.3078611276300514,1.0,0.029813420532580546,1.6873321753476618,0.6268680013573125,0.18730886850152903,0.4073484672370704,0.3848087106731232
"frozenset({'profs_disponibilidade_5', 'metodologia_inovadora_5'})",frozenset({'formacao_critica_5'}),0.10027914966716771,0.2559587717414645,0.058621430105217955,0.5845824411134903,2.2838929767328224,1.0,0.032954102125131224,1.791068317508949,0.6248061405579305,0.196969696969697,0.4416740052714356,0.4068046433755371
"frozenset({'professores_dominio_5', 'formacao_critica_5'})",frozenset({'profs_disponibilidade_5'}),0.12089327893493665,0.2619712261112304,0.0719347219239854,0.5950266429840142,2.2713435052266835,1.0,0.040264161412793056,1.8224131565762163,0.6367053350735331,0.23135359116022097,0.451277007965247,0.4348084034592202
"frozenset({'professores_dominio_5', 'metodologia_inovadora_5'})",frozenset({'formacao_critica_5'}),0.1099420227614344,0.2559587717414645,0.06377496242216019,0.580078125,2.2662951578229866,1.0,0.0356343373133713,1.771856320318001,0.6277694516536494,0.21108742004264391,0.4356201524170274,0.41461959941275167
"frozenset({'oportunidades_ic_5', 'formacao_critica_5'})",frozenset({'profs_disponibilidade_5'}),0.09598453940304917,0.2619712261112304,0.056474124973158686,0.5883668903803132,2.2459218102468186,1.0,0.03132893749802018,1.7929285974363045,0.6136493772748209,0.1873219373219373,0.44225330477192853,0.40197033043605823
"frozenset({'metodologia_inovadora_5', 'infra_salas_5'})",frozenset({'formacao_critica_5'}),0.0938372342709899,0.2559587717414645,0.05368262830148164,0.5720823798627003,2.235056747500499,1.0,0.02966416507386301,1.7387487526683427,0.60980663507109,0.18129079042784627,0.42487377864952236,0.39090696174343065
"frozenset({'professores_dominio_5', 'formacao_critica_5'})",frozenset({'metodologia_inovadora_5'}),0.12089327893493665,0.2374919476057548,0.06377496242216019,0.5275310834813499,2.2212588207709283,1.0,0.035063782155456316,1.613879825180301,0.6254130623940102,0.21647230320699706,0.38037517763239836,0.39803317284374906
"frozenset({'professores_dominio_5', 'infra_salas_5'})",frozenset({'profs_disponibilidade_5'}),0.12067854842173073,0.2619712261112304,0.06978741679192613,0.5782918149466192,2.2074631001691847,1.0,0.03817310949656184,1.7500935482088122,0.6220606743683667,0.22306108442004116,0.42860197329252414,0.422342628784785
"frozenset({'profs_disponibilidade_5', 'infra_salas_5'})",frozenset({'formacao_critica_5'}),0.10843890916899292,0.2559587717414645,0.060768735237277216,0.5603960396039603,2.189399627882251,1.0,0.03301284523739756,1.692526217434957,0.6093287240343961,0.20014144271570014,0.40916720243452903,0.39890607349325535
"frozenset({'professores_dominio_5', 'metodologia_inovadora_5'})",frozenset({'profs_disponibilidade_5'}),0.1099420227614344,0.2619712261112304,0.06291604036933648,0.572265625,2.1844598488729505,1.0,0.03411439386537471,1.7254371334751144,0.6091973140878644,0.20361362056984017,0.4204367226141984,0.40621477971311476
"frozenset({'infra_salas_5', 'formacao_critica_5'})",frozenset({'profs_disponibilidade_5'}),0.10650633455013958,0.2619712261112304,0.060768735237277216,0.5705645161290323,2.177966353781068,1.0,0.032867140186564246,1.7186022152527218,0.6053272733603212,0.1974877878576413,0.41813178691094066,0.4012658646218932
"frozenset({'profs_disponibilidade_5', 'formacao_critica_5'})",frozenset({'metodologia_inovadora_5'}),0.11359244148593516,0.2374919476057548,0.058621430105217955,0.5160680529300568,2.172991792491206,1.0,0.031644139943430474,1.575651405142796,0.6089805704631286,0.20044052863436126,0.3653418537018514,0.3814517479840157
"frozenset({'profs_disponibilidade_5', 'infra_salas_5'})",frozenset({'professores_dominio_5'}),0.10843890916899292,0.29632810822417865,0.06978741679192613,0.6435643564356435,2.1717965274788344,1.0,0.037653919979984914,1.9741905852599426,0.6051763746850451,0.20833333333333331,0.49346329201122724,0.4395358014062275
"frozenset({'oportunidades_ic_5', 'infra_salas_5'})",frozenset({'formacao_critica_5'}),0.08761004938801804,0.2559587717414645,0.0485290959845394,0.5539215686274509,2.164104651927885,1.0,0.026104535350973262,1.6679605556564971,0.5895671443775422,0.16448326055312956,0.40046543870073265,0.37175944203184624
"frozenset({'profs_disponibilidade_5', 'oportunidades_ic_5'})",frozenset({'metodologia_inovadora_5'}),0.10414429890487438,0.2374919476057548,0.05325316727506979,0.5113402061855671,2.1530843943998064,1.0,0.028519734896115298,1.5604067738869578,0.597808353694368,0.18466120625465376,0.35914146443429623,0.3677858354616805
"frozenset({'profs_disponibilidade_5', 'formacao_critica_5'})",frozenset({'professores_dominio_5'}),0.11359244148593516,0.29632810822417865,0.0719347219239854,0.6332703213610585,2.1370578888249634,1.0,0.03827408862989252,1.9187754162340693,0.6002509256045354,0.2128335451080051,0.4788342650529294,0.43801197227473215
"frozenset({'profs_disponibilidade_5', 'formacao_critica_5'})",frozenset({'infra_salas_5'}),0.11359244148593516,0.2508052394245222,0.060768735237277216,0.5349716446124764,2.133016223424917,1.0,0.032279155753581215,1.6110732859529584,0.5992506574081682,0.20014144271570014,0.37929577212963667,0.3886330825802108
"frozenset({'desempenho_desempenho_baixo', 'metodologia_inovadora_5'})",frozenset({'formacao_critica_5'}),0.07257891346360318,0.2559587717414645,0.039510414429890485,0.5443786982248521,2.1268218100949126,1.0,0.020933204885416577,1.6330255529310715,0.5712775702910295,0.13670133729569092,0.3876397107166338,0.3493705571661173
"frozenset({'infra_salas_5', 'formacao_critica_5'})",frozenset({'metodologia_inovadora_5'}),0.10650633455013958,0.2374919476057548,0.05368262830148164,0.5040322580645161,2.1223130432246395,1.0,0.0283882314768189,1.5374146097054702,0.5918519586637827,0.1849112426035503,0.3495573713901582,0.3650360205331622
"frozenset({'profs_disponibilidade_5', 'oportunidades_ic_5'})",frozenset({'formacao_critica_5'}),0.10414429890487438,0.2559587717414645,0.056474124973158686,0.5422680412371134,2.118575728222514,1.0,0.029817478141591094,1.6254954761504041,0.5893636373578701,0.185997171145686,0.3848029633596643,0.3814528125648654
"frozenset({'profs_disponibilidade_5', 'metodologia_inovadora_5'})",frozenset({'professores_dominio_5'}),0.10027914966716771,0.29632810822417865,0.06291604036933648,0.6274089935760171,2.1172780312199357,1.0,0.0332005096541354,1.8885906520649915,0.5865102185440713,0.18854568854568854,0.4705046332265827,0.41986391707786364
"frozenset({'oportunidades_ic_5', 'infra_salas_5'})",frozenset({'metodologia_inovadora_5'}),0.08761004938801804,0.2374919476057548,0.04380502469400902,0.5,2.1053345388788425,1.0,0.022998343435012253,1.5250161047884905,0.5754295128265475,0.15572519083969466,0.34426921993804566,0.3422242314647378
"frozenset({'profs_disponibilidade_5', 'oportunidades_ic_5'})",frozenset({'professores_dominio_5'}),0.10414429890487438,0.29632810822417865,0.06484861498818982,0.622680412371134,2.1013207829075156,1.0,0.033987731911374996,1.8649227732856468,0.5850371127605672,0.19321817018554063,0.46378476668061375,0.4207604960406395
"frozenset({'oportunidades_ic_5', 'infra_salas_5'})",frozenset({'professores_dominio_5'}),0.08761004938801804,0.29632810822417865,0.05411208932789349,0.6176470588235293,2.084335038363171,1.0,0.028150769131315246,1.8403726400290707,0.5701845812460075,0.1640625,0.4566317830153116,0.4001278772378516
"frozenset({'metodologia_inovadora_5', 'infra_salas_5'})",frozenset({'profs_disponibilidade_5'}),0.0938372342709899,0.2619712261112304,0.0508911316298046,0.5423340961098398,2.07020482424879,1.0,0.0263084763129466,1.6125928709469617,0.570489131521587,0.16690140845070423,0.37988067663180797,0.36829819559590354
"frozenset({'professores_dominio_5', 'oportunidades_ic_5'})",frozenset({'infra_salas_5'}),0.10435902941808031,0.2508052394245222,0.05411208932789349,0.5185185185185185,2.0674150177574835,1.0,0.0279382979685811,1.5560198873490694,0.576463335274172,0.17974322396576317,0.35733469210110075,0.36713597158802636
"frozenset({'profs_disponibilidade_5', 'oportunidades_ic_5'})",frozenset({'infra_salas_5'}),0.10414429890487438,0.2508052394245222,0.05368262830148164,0.5154639175257733,2.0552358423951422,1.0,0.027562692479945618,1.5462104633153482,0.5731255992329819,0.1781895937277263,0.3532575133039627,0.3647525067080921
"frozenset({'professores_dominio_5', 'metodologia_inovadora_5'})",frozenset({'infra_salas_5'}),0.1099420227614344,0.2508052394245222,0.05625939445995276,0.51171875,2.04030326947774,1.0,0.028685359118454934,1.5343508696585786,0.5728579452849474,0.18476727785613542,0.34825858949555744,0.3680169092465754
"frozenset({'professores_dominio_5', 'oportunidades_ic_5'})",frozenset({'formacao_critica_5'}),0.10435902941808031,0.2559587717414645,0.05411208932789349,0.5185185185185185,2.0257892120308227,1.0,0.0274004803379103,1.5453163971523431,0.5653663047573381,0.17671809256661986,0.3528833306611084,0.3649639572458364
"frozenset({'professores_dominio_5', 'formacao_critica_5'})",frozenset({'infra_salas_5'}),0.12089327893493665,0.2508052394245222,0.061412926776895,0.5079928952042629,2.025447699457408,1.0,0.031092259008802667,1.5227315891840942,0.5759050426856974,0.197923875432526,0.34328544367046504,0.37642795445144656
"frozenset({'profs_disponibilidade_5', 'metodologia_inovadora_5'})",frozenset({'infra_salas_5'}),0.10027914966716771,0.2508052394245222,0.0508911316298046,0.5074946466809421,2.0234611041037223,1.0,0.025740595488243104,1.521191100820644,0.5621713341993696,0.16952789699570814,0.3426203982783455,0.35520280279252586
"frozenset({'metodologia_inovadora_5', 'infra_salas_5'})",frozenset({'professores_dominio_5'}),0.0938372342709899,0.29632810822417865,0.05625939445995276,0.5995423340961099,2.023238152091003,1.0,0.028452784347441258,1.7571692383201942,0.5581147570637821,0.1684887459807074,0.43090285318449306,0.394698703279939
"frozenset({'metodologia_inovadora_5', 'oportunidades_ic_5'})",frozenset({'infra_salas_5'}),0.08653639682198841,0.2508052394245222,0.04380502469400902,0.5062034739454094,2.0183129950032295,1.0,0.022101242970134757,1.5172135101101385,0.5523336744194622,0.1492318946598391,0.34089698428311027,0.3404305040959924
"frozenset({'oportunidades_ic_5', 'formacao_critica_5'})",frozenset({'infra_salas_5'}),0.09598453940304917,0.2508052394245222,0.0485290959845394,0.5055928411633109,2.0158783059054275,1.0,0.024455670598505168,1.5153396288562833,0.5574443486851786,0.1627069834413247,0.34008193215750615,0.34954299592412125
"frozenset({'metodologia_inovadora_5', 'formacao_critica_5'})",frozenset({'profs_disponibilidade_5'}),0.11187459738028774,0.2619712261112304,0.058621430105217955,0.5239923224568138,2.000190365312608,1.0,0.02931350465880373,1.5504556096614879,0.5630371401647998,0.18596730245231607,0.3550282937682228,0.37388140713004625
"frozenset({'desempenho_desempenho_baixo', 'oportunidades_ic_5'})",frozenset({'profs_disponibilidade_5'}),0.06935795576551428,0.2619712261112304,0.03628945673180159,0.5232198142414861,1.997241536821804,1.0,0.018119668019341333,1.54794346731216,0.5365214636983477,0.1229985443959243,0.35398157547937176,0.3308722022027103
"frozenset({'profs_disponibilidade_5', 'professores_dominio_5'})",frozenset({'formacao_critica_5'}),0.14086321666308782,0.2559587717414645,0.0719347219239854,0.510670731707317,1.995128857014241,1.0,0.035879546003349645,1.5205328527651067,0.5805585916953597,0.22141440846001323,0.34233581459191204,0.39585550008184645
"frozenset({'professores_dominio_5', 'infra_salas_5'})",frozenset({'formacao_critica_5'}),0.12067854842173073,0.2559587717414645,0.061412926776895,0.5088967971530249,1.9881983090114403,1.0,0.030524193747325956,1.5150404720336847,0.5652450113988575,0.1948228882833788,0.3399516260726225,0.3744148415295326
"frozenset({'metodologia_inovadora_5', 'oportunidades_ic_5'})",frozenset({'professores_dominio_5'}),0.08653639682198841,0.29632810822417865,0.05024694009018681,0.5806451612903225,1.9594670406732115,1.0,0.024603773327390163,1.6779868188500353,0.5360445071305437,0.1510652033570045,0.4040477620167934,0.37510518934081344
"frozenset({'profs_disponibilidade_5', 'desempenho_desempenho_baixo'})",frozenset({'professores_dominio_5'}),0.07665879321451578,0.29632810822417865,0.0444492162336268,0.5798319327731093,1.9567226890756304,1.0,0.02173306106162083,1.674739102426455,0.5295348837209302,0.13529411764705881,0.40289206924759535,0.36491596638655466
"frozenset({'infra_salas_5', 'formacao_critica_5'})",frozenset({'professores_dominio_5'}),0.10650633455013958,0.29632810822417865,0.061412926776895,0.5766129032258065,1.945859630668537,1.0,0.029852106145760657,1.6620059920038448,0.544031071067841,0.179874213836478,0.3983174520361858,0.39192964001870034
"frozenset({'profs_disponibilidade_5', 'metodologia_inovadora_4'})",frozenset({'professores_dominio_5'}),0.05454155035430535,0.29632810822417865,0.031350654928065276,0.5748031496062992,1.9397523679105328,1.0,0.015188460491960192,1.6549320417690612,0.5124183697914559,0.09811827956989246,0.3957455806275665,0.34030012552778727
"frozenset({'professores_dominio_5', 'desempenho_desempenho_baixo'})",frozenset({'profs_disponibilidade_5'}),0.08761004938801804,0.2619712261112304,0.0444492162336268,0.5073529411764706,1.936674300867888,1.0,0.02149790417578226,1.4980882574458607,0.5300923320406166,0.14567206192821955,0.33248258570230527,0.3385125361620058
"frozenset({'metodologia_inovadora_5', 'formacao_critica_5'})",frozenset({'professores_dominio_5'}),0.11187459738028774,0.29632810822417865,0.06377496242216019,0.5700575815738963,1.9237377952098804,1.0,0.030623374622117866,1.6366654268535843,0.5406653576382783,0.18516209476309228,0.3890015738143531,0.39263748643912205
"frozenset({'oportunidades_ic_5', 'formacao_critica_5'})",frozenset({'professores_dominio_5'}),0.09598453940304917,0.29632810822417865,0.05411208932789349,0.5637583892617449,1.9024803034724247,1.0,0.0256691723478188,1.613032490378421,0.524737020699016,0.15999999999999998,0.38004968531948313,0.3731835424569594
