antecedents,consequents,support,confidence,lift
"metodologia_inovadora_5, profs_disponibilidade_5",oportunidades_ic_5,5.33,53.10,2.408
"metodologia_inovadora_5, oportunidades_ic_5",formacao_critica_5,5.26,60.79,2.375
"oportunidades_ic_5, professores_dominio_5",profs_disponibilidade_5,6.48,62.14,2.372
"metodologia_inovadora_5, oportunidades_ic_5",profs_disponibilidade_5,5.33,61.54,2.349
"infra_salas_5, oportunidades_ic_5",profs_disponibilidade_5,5.37,61.27,2.339
"formacao_critica_5, oportunidades_ic_5",metodologia_inovadora_5,5.26,54.81,2.308
"metodologia_inovadora_5, profs_disponibilidade_5",formacao_critica_5,5.86,58.46,2.284
"formacao_critica_5, professores_dominio_5",profs_disponibilidade_5,7.19,59.50,2.271
"metodologia_inovadora_5, professores_dominio_5",formacao_critica_5,6.38,58.01,2.266
"formacao_critica_5, oportunidades_ic_5",profs_disponibilidade_5,5.65,58.84,2.246
"infra_salas_5, metodologia_inovadora_5",formacao_critica_5,5.37,57.21,2.235
"formacao_critica_5, professores_dominio_5",metodologia_inovadora_5,6.38,52.75,2.221
"infra_salas_5, professores_dominio_5",profs_disponibilidade_5,6.98,57.83,2.207
"infra_salas_5, profs_disponibilidade_5",formacao_critica_5,6.08,56.04,2.189
"metodologia_inovadora_5, professores_dominio_5",profs_disponibilidade_5,6.29,57.23,2.184
"formacao_critica_5, infra_salas_5",profs_disponibilidade_5,6.08,57.06,2.178
"formacao_critica_5, profs_disponibilidade_5",metodologia_inovadora_5,5.86,51.61,2.173
"infra_salas_5, profs_disponibilidade_5",professores_dominio_5,6.98,64.36,2.172
"infra_salas_5, oportunidades_ic_5",formacao_critica_5,4.85,55.39,2.164
"oportunidades_ic_5, profs_disponibilidade_5",metodologia_inovadora_5,5.33,51.13,2.153
"formacao_critica_5, profs_disponibilidade_5",professores_dominio_5,7.19,63.33,2.137
"formacao_critica_5, profs_disponibilidade_5",infra_salas_5,6.08,53.50,2.133
"desempenho_desempenho_baixo, metodologia_inovadora_5",formacao_critica_5,3.95,54.44,2.127
"formacao_critica_5, infra_salas_5",metodologia_inovadora_5,5.37,50.40,2.122
"oportunidades_ic_5, profs_disponibilidade_5",formacao_critica_5,5.65,54.23,2.119
"metodologia_inovadora_5, profs_disponibilidade_5",professores_dominio_5,6.29,62.74,2.117
"infra_salas_5, oportunidades_ic_5",metodologia_inovadora_5,4.38,50.00,2.105
"oportunidades_ic_5, profs_disponibilidade_5",professores_dominio_5,6.48,62.27,2.101
"infra_salas_5, oportunidades_ic_5",professores_dominio_5,5.41,61.76,2.084
"infra_salas_5, metodologia_inovadora_5",profs_disponibilidade_5,5.09,54.23,2.070
"oportunidades_ic_5, professores_dominio_5",infra_salas_5,5.41,51.85,2.067
"oportunidades_ic_5, profs_disponibilidade_5",infra_salas_5,5.37,51.55,2.055
"metodologia_inovadora_5, professores_dominio_5",infra_salas_5,5.63,51.17,2.040
"oportunidades_ic_5, professores_dominio_5",formacao_critica_5,5.41,51.85,2.026
"formacao_critica_5, professores_dominio_5",infra_salas_5,6.14,50.80,2.025
"metodologia_inovadora_5, profs_disponibilidade_5",infra_salas_5,5.09,50.75,2.023
"infra_salas_5, metodologia_inovadora_5",professores_dominio_5,5.63,59.95,2.023
"metodologia_inovadora_5, oportunidades_ic_5",infra_salas_5,4.38,50.62,2.018
"formacao_critica_5, oportunidades_ic_5",infra_salas_5,4.85,50.56,2.016
"formacao_critica_5, metodologia_inovadora_5",profs_disponibilidade_5,5.86,52.40,2.000
"desempenho_desempenho_baixo, oportunidades_ic_5",profs_disponibilidade_5,3.63,52.32,1.997
"professores_dominio_5, profs_disponibilidade_5",formacao_critica_5,7.19,51.07,1.995
"infra_salas_5, professores_dominio_5",formacao_critica_5,6.14,50.89,1.988
"metodologia_inovadora_5, oportunidades_ic_5",professores_dominio_5,5.02,58.06,1.959
"desempenho_desempenho_baixo, profs_disponibilidade_5",professores_dominio_5,4.44,57.98,1.957
"formacao_critica_5, infra_salas_5",professores_dominio_5,6.14,57.66,1.946
"metodologia_inovadora_4, profs_disponibilidade_5",professores_dominio_5,3.14,57.48,1.940
"desempenho_desempenho_baixo, professores_dominio_5",profs_disponibilidade_5,4.44,50.74,1.937
"formacao_critica_5, metodologia_inovadora_5",professores_dominio_5,6.38,57.01,1.924
"formacao_critica_5, oportunidades_ic_5",professores_dominio_5,5.41,56.38,1.902
