CO_CURSO,NT_GER,QT_ALUNOS,QE_I63_1,QE_I63_2,QE_I63_3,QE_I63_4,QE_I63_5,QE_I63_6,QE_I15_A,QE_I15_B,QE_I15_C,QE_I15_D,QE_I15_E,QE_I15_F,QE_I11_A,QE_I11_B,QE_I11_C,QE_I11_D,QE_I11_E,QE_I11_F,QE_I11_G,QE_I11_H,QE_I11_I,QE_I11_J,QE_I11_K
101830,37.089999999999996,20,0.0,0.0,0.0,0.15,0.4,0.45,0.38095238095238093,0.09523809523809523,0.09523809523809523,0.23809523809523808,0.19047619047619047,0.0,1.0,0.0,0.0,0.0,0.0,0.0,0.0,0.0,0.0,0.0,0.0
101942,35.676811594202896,69,0.014084507042253521,0.04225352112676056,0.16901408450704225,0.2112676056338028,0.30985915492957744,0.2535211267605634,0.43243243243243246,0.013513513513513514,0.0945945945945946,0.20270270270270271,0.22972972972972974,0.02702702702702703,0.9054054054054054,0.0,0.0,0.0,0.0,0.0,0.04054054054054054,0.05405405405405406,0.0,0.0,0.0
102590,41.91818181818182,11,0.0,0.10526315789473684,0.10526315789473684,0.3157894736842105,0.21052631578947367,0.2631578947368421,0.47368421052631576,0.0,0.21052631578947367,0.21052631578947367,0.10526315789473684,0.0,0.9473684210526315,0.05263157894736842,0.0,0.0,0.0,0.0,0.0,0.0,0.0,0.0,0.0
103062,42.34,35,0.2564102564102564,0.23076923076923078,0.1794871794871795,0.15384615384615385,0.1282051282051282,0.05128205128205128,0.6410256410256411,0.15384615384615385,0.02564102564102564,0.05128205128205128,0.1282051282051282,0.0,0.9487179487179487,0.0,0.0,0.0,0.0,0.0,0.02564102564102564,0.0,0.02564102564102564,0.0,0.0
1032473,38.06,5,0.0,0.0,0.0,0.16666666666666666,0.16666666666666666,0.6666666666666666,0.8333333333333334,0.0,0.16666666666666666,0.0,0.0,0.0,0.0,0.3333333333333333,0.0,0.16666666666666666,0.0,0.0,0.16666666666666666,0.16666666666666666,0.16666666666666666,0.0,0.0
104360,32.11176470588235,17,0.058823529411764705,0.0,0.0,0.058823529411764705,0.29411764705882354,0.5882352941176471,0.8235294117647058,0.058823529411764705,0.0,0.058823529411764705,0.058823529411764705,0.0,0.11764705882352941,0.11764705882352941,0.058823529411764705,0.0,0.7058823529411765,0.0,0.0,0.0,0.0,0.0,0.0
1047907,34.689473684210526,19,0.08333333333333333,0.16666666666666666,0.20833333333333334,0.16666666666666666,0.2916666666666667,0.08333333333333333,0.875,0.0,0.041666666666666664,0.0,0.08333333333333333,0.0,0.0,0.20833333333333334,0.125,0.0,0.2916666666666667,0.0,0.0,0.25,0.041666666666666664,0.08333333333333333,0.0
10515,37.06666666666667,9,0.0,0.0,0.0,0.07692307692307693,0.07692307692307693,0.8461538461538461,0.8461538461538461,0.0,0.0,0.07692307692307693,0.07692307692307693,0.0,0.0,0.5384615384615384,0.15384615384615385,0.0,0.15384615384615385,0.0,0.0,0.15384615384615385,0.0,0.0,0.0
106167,36.913953488372094,43,0.0,0.0,0.06521739130434782,0.08695652173913043,0.17391304347826086,0.6739130434782609,0.43478260869565216,0.0,0.13043478260869565,0.1956521739130435,0.2391304347826087,0.0,0.9347826086956522,0.0,0.0,0.0,0.0,0.0,0.0,0.06521739130434782,0.0,0.0,0.0
106996,27.101052631578945,95,0.0,0.00980392156862745,0.029411764705882353,0.08823529411764706,0.18627450980392157,0.6862745098039216,0.6666666666666666,0.00980392156862745,0.09803921568627451,0.11764705882352941,0.06862745098039216,0.0392156862745098,0.0,0.11764705882352941,0.14705882352941177,0.0,0.13725490196078433,0.0196078431372549,0.049019607843137254,0.5196078431372549,0.0,0.00980392156862745,0.0
1070485,31.058823529411764,17,0.0,0.0,0.0,0.15789473684210525,0.42105263157894735,0.42105263157894735,0.6842105263157895,0.0,0.10526315789473684,0.10526315789473684,0.10526315789473684,0.0,0.0,0.3157894736842105,0.2631578947368421,0.0,0.15789473684210525,0.0,0.0,0.15789473684210525,0.10526315789473684,0.0,0.0
107360,38.31304347826087,46,0.038461538461538464,0.057692307692307696,0.07692307692307693,0.15384615384615385,0.21153846153846154,0.46153846153846156,0.5384615384615384,0.07692307692307693,0.09615384615384616,0.15384615384615385,0.1346153846153846,0.0,0.8076923076923077,0.019230769230769232,0.0,0.0,0.0,0.0,0.019230769230769232,0.1346153846153846,0.0,0.019230769230769232,0.0
107422,32.305,20,0.0,0.045454545454545456,0.0,0.09090909090909091,0.36363636363636365,0.5,0.6363636363636364,0.0,0.09090909090909091,0.18181818181818182,0.045454545454545456,0.045454545454545456,0.0,0.0,0.4090909090909091,0.45454545454545453,0.13636363636363635,0.0,0.0,0.0,0.0,0.0,0.0
107920,24.76842105263158,19,0.047619047619047616,0.0,0.09523809523809523,0.23809523809523808,0.3333333333333333,0.2857142857142857,0.8181818181818182,0.0,0.045454545454545456,0.13636363636363635,0.0,0.0,0.0,0.13636363636363635,0.09090909090909091,0.0,0.13636363636363635,0.045454545454545456,0.045454545454545456,0.36363636363636365,0.045454545454545456,0.13636363636363635,0.0
108660,29.325,68,0.12987012987012986,0.11688311688311688,0.2077922077922078,0.19480519480519481,0.19480519480519481,0.15584415584415584,0.6829268292682927,0.0975609756097561,0.06097560975609756,0.0975609756097561,0.04878048780487805,0.012195121951219513,0.9878048780487805,0.0,0.0,0.012195121951219513,0.0,0.0,0.0,0.0,0.0,0.0,0.0
1101244,40.29772727272727,44,0.0,0.0196078431372549,0.11764705882352941,0.17647058823529413,0.3333333333333333,0.35294117647058826,0.8461538461538461,0.038461538461538464,0.0,0.07692307692307693,0.019230769230769232,0.019230769230769232,1.0,0.0,0.0,0.0,0.0,0.0,0.0,0.0,0.0,0.0,0.0
1102628,44.18490566037736,53,0.017543859649122806,0.05263157894736842,0.07017543859649122,0.14035087719298245,0.2982456140350877,0.42105263157894735,0.6551724137931034,0.034482758620689655,0.034482758620689655,0.10344827586206896,0.1724137931034483,0.0,1.0,0.0,0.0,0.0,0.0,0.0,0.0,0.0,0.0,0.0,0.0
1103723,35.309090909090905,11,0.0,0.0,0.0,0.043478260869565216,0.043478260869565216,0.9130434782608695,0.34782608695652173,0.0,0.0,0.6086956521739131,0.043478260869565216,0.0,0.0,0.13043478260869565,0.043478260869565216,0.34782608695652173,0.17391304347826086,0.30434782608695654,0.0,0.0,0.0,0.0,0.0
1108692,40.093333333333334,15,0.1111111111111111,0.0,0.05555555555555555,0.1111111111111111,0.2222222222222222,0.5,1.0,0.0,0.0,0.0,0.0,0.0,0.0,0.3333333333333333,0.0,0.05555555555555555,0.05555555555555555,0.0,0.0,0.1111111111111111,0.3333333333333333,0.05555555555555555,0.05555555555555555
1117717,32.69,10,0.0,0.0,0.09090909090909091,0.0,0.5454545454545454,0.36363636363636365,0.5454545454545454,0.09090909090909091,0.09090909090909091,0.18181818181818182,0.09090909090909091,0.0,0.9090909090909091,0.0,0.0,0.0,0.0,0.0,0.0,0.09090909090909091,0.0,0.0,0.0
1118057,43.15,24,0.0,0.0,0.03571428571428571,0.2857142857142857,0.35714285714285715,0.32142857142857145,0.6071428571428571,0.10714285714285714,0.07142857142857142,0.14285714285714285,0.07142857142857142,0.0,1.0,0.0,0.0,0.0,0.0,0.0,0.0,0.0,0.0,0.0,0.0
112086,34.257894736842104,19,0.0,0.0,0.0,0.3,0.25,0.45,0.75,0.05,0.1,0.05,0.0,0.05,1.0,0.0,0.0,0.0,0.0,0.0,0.0,0.0,0.0,0.0,0.0
1132918,46.145833333333336,24,0.04,0.04,0.16,0.32,0.12,0.32,0.5384615384615384,0.19230769230769232,0.038461538461538464,0.11538461538461539,0.11538461538461539,0.0,1.0,0.0,0.0,0.0,0.0,0.0,0.0,0.0,0.0,0.0,0.0
113455,32.10952380952381,21,0.0,0.04,0.2,0.16,0.28,0.32,0.8076923076923077,0.0,0.038461538461538464,0.11538461538461539,0.0,0.038461538461538464,1.0,0.0,0.0,0.0,0.0,0.0,0.0,0.0,0.0,0.0,0.0
1136142,44.54818181818182,110,0.024,0.0,0.04,0.056,0.184,0.696,0.6031746031746031,0.0,0.07936507936507936,0.11904761904761904,0.19047619047619047,0.007936507936507936,0.9682539682539683,0.007936507936507936,0.0,0.0,0.0,0.0,0.0,0.023809523809523808,0.0,0.0,0.0
113687,32.223076923076924,13,0.7272727272727273,0.0,0.0,0.09090909090909091,0.09090909090909091,0.09090909090909091,0.7142857142857143,0.07142857142857142,0.0,0.14285714285714285,0.07142857142857142,0.0,1.0,0.0,0.0,0.0,0.0,0.0,0.0,0.0,0.0,0.0,0.0
113813,44.15,12,0.15384615384615385,0.07692307692307693,0.0,0.46153846153846156,0.15384615384615385,0.15384615384615385,0.8461538461538461,0.0,0.07692307692307693,0.0,0.0,0.07692307692307693,1.0,0.0,0.0,0.0,0.0,0.0,0.0,0.0,0.0,0.0,0.0
1139692,42.96666666666667,12,0.058823529411764705,0.058823529411764705,0.11764705882352941,0.11764705882352941,0.35294117647058826,0.29411764705882354,0.7058823529411765,0.0,0.0,0.29411764705882354,0.0,0.0,1.0,0.0,0.0,0.0,0.0,0.0,0.0,0.0,0.0,0.0,0.0
11452,44.507999999999996,75,0.0,0.0,0.0410958904109589,0.1095890410958904,0.273972602739726,0.5753424657534246,0.5333333333333333,0.08,0.04,0.06666666666666667,0.26666666666666666,0.013333333333333334,0.9333333333333333,0.0,0.0,0.0,0.0,0.0,0.0,0.04,0.02666666666666667,0.0,0.0
114616,34.25,26,0.07142857142857142,0.03571428571428571,0.10714285714285714,0.07142857142857142,0.21428571428571427,0.5,0.6785714285714286,0.0,0.10714285714285714,0.07142857142857142,0.14285714285714285,0.0,0.0,0.35714285714285715,0.17857142857142858,0.0,0.03571428571428571,0.0,0.03571428571428571,0.25,0.14285714285714285,0.0,0.0
1148708,35.005,20,0.0,0.0,0.0,0.0,0.0,1.0,0.7391304347826086,0.0,0.13043478260869565,0.043478260869565216,0.043478260869565216,0.043478260869565216,0.0,0.30434782608695654,0.43478260869565216,0.0,0.08695652173913043,0.043478260869565216,0.0,0.08695652173913043,0.043478260869565216,0.0,0.0
11554,47.64,20,0.0,0.0,0.13043478260869565,0.30434782608695654,0.13043478260869565,0.43478260869565216,0.4583333333333333,0.125,0.041666666666666664,0.20833333333333334,0.125,0.041666666666666664,0.9583333333333334,0.0,0.0,0.0,0.0,0.0,0.0,0.041666666666666664,0.0,0.0,0.0
1161716,31.7625,8,0.0,0.0,0.0,0.09090909090909091,0.0,0.9090909090909091,0.8181818181818182,0.0,0.09090909090909091,0.09090909090909091,0.0,0.0,0.0,0.2727272727272727,0.0,0.18181818181818182,0.18181818181818182,0.0,0.0,0.18181818181818182,0.18181818181818182,0.0,0.0
1166783,36.87,10,0.0,0.0,0.0,0.2727272727272727,0.18181818181818182,0.5454545454545454,0.36363636363636365,0.2727272727272727,0.09090909090909091,0.18181818181818182,0.09090909090909091,0.0,0.9090909090909091,0.0,0.0,0.0,0.0,0.0,0.0,0.09090909090909091,0.0,0.0,0.0
116770,40.656410256410254,39,0.04081632653061224,0.10204081632653061,0.16326530612244897,0.08163265306122448,0.30612244897959184,0.30612244897959184,0.4489795918367347,0.04081632653061224,0.10204081632653061,0.24489795918367346,0.10204081632653061,0.061224489795918366,0.9795918367346939,0.0,0.0,0.0,0.0,0.0,0.0,0.02040816326530612,0.0,0.0,0.0
117022,40.705263157894734,19,0.0,0.0,0.0,0.047619047619047616,0.3333333333333333,0.6190476190476191,0.7142857142857143,0.14285714285714285,0.047619047619047616,0.047619047619047616,0.047619047619047616,0.0,0.0,0.2857142857142857,0.14285714285714285,0.047619047619047616,0.19047619047619047,0.3333333333333333,0.0,0.0,0.0,0.0,0.0
11730,38.30277777777778,36,0.05263157894736842,0.02631578947368421,0.07894736842105263,0.23684210526315788,0.21052631578947367,0.39473684210526316,1.0,0.0,0.0,0.0,0.0,0.0,0.0,0.6842105263157895,0.0,0.0,0.15789473684210525,0.0,0.10526315789473684,0.02631578947368421,0.0,0.02631578947368421,0.0
117532,42.705882352941174,17,0.0,0.0,0.0,0.10344827586206896,0.0,0.896551724137931,0.9655172413793104,0.0,0.0,0.034482758620689655,0.0,0.0,0.0,0.4482758620689655,0.034482758620689655,0.06896551724137931,0.3448275862068966,0.034482758620689655,0.0,0.034482758620689655,0.0,0.034482758620689655,0.0
1181115,30.819565217391304,46,0.018867924528301886,0.018867924528301886,0.05660377358490566,0.20754716981132076,0.3584905660377358,0.33962264150943394,0.6415094339622641,0.018867924528301886,0.09433962264150944,0.1509433962264151,0.05660377358490566,0.03773584905660377,0.8867924528301887,0.0,0.03773584905660377,0.0,0.0,0.0,0.018867924528301886,0.03773584905660377,0.018867924528301886,0.0,0.0
1181327,42.150000000000006,18,0.0,0.0,0.05,0.25,0.25,0.45,0.7,0.05,0.05,0.1,0.05,0.05,1.0,0.0,0.0,0.0,0.0,0.0,0.0,0.0,0.0,0.0,0.0
118420,45.91269841269841,63,0.014925373134328358,0.0,0.08955223880597014,0.11940298507462686,0.40298507462686567,0.373134328358209,0.6764705882352942,0.014705882352941176,0.0,0.10294117647058823,0.19117647058823528,0.014705882352941176,1.0,0.0,0.0,0.0,0.0,0.0,0.0,0.0,0.0,0.0,0.0
118468,44.695,20,0.05,0.05,0.1,0.15,0.3,0.35,0.45,0.05,0.1,0.2,0.15,0.05,1.0,0.0,0.0,0.0,0.0,0.0,0.0,0.0,0.0,0.0,0.0
1187671,31.61904761904762,21,0.10526315789473684,0.10526315789473684,0.10526315789473684,0.2631578947368421,0.3157894736842105,0.10526315789473684,0.5238095238095238,0.0,0.047619047619047616,0.23809523809523808,0.19047619047619047,0.0,1.0,0.0,0.0,0.0,0.0,0.0,0.0,0.0,0.0,0.0,0.0
118994,27.736363636363638,22,0.0,0.0,0.043478260869565216,0.13043478260869565,0.391304347826087,0.43478260869565216,0.75,0.08333333333333333,0.125,0.041666666666666664,0.0,0.0,0.0,0.4583333333333333,0.0,0.0,0.5,0.0,0.0,0.0,0.0,0.0,0.041666666666666664
1190071,34.21666666666667,66,0.07352941176470588,0.08823529411764706,0.029411764705882353,0.1323529411764706,0.36764705882352944,0.3088235294117647,0.5882352941176471,0.058823529411764705,0.014705882352941176,0.3088235294117647,0.029411764705882353,0.0,0.9852941176470589,0.0,0.0,0.0,0.0,0.0,0.0,0.014705882352941176,0.0,0.0,0.0
1190145,27.7,6,0.0,0.0,0.0,0.0,0.16666666666666666,0.8333333333333334,0.8333333333333334,0.0,0.0,0.0,0.16666666666666666,0.0,1.0,0.0,0.0,0.0,0.0,0.0,0.0,0.0,0.0,0.0,0.0
1203177,31.07,10,0.08333333333333333,0.0,0.0,0.3333333333333333,0.3333333333333333,0.25,0.5833333333333334,0.0,0.08333333333333333,0.08333333333333333,0.16666666666666666,0.08333333333333333,0.0,0.08333333333333333,0.16666666666666666,0.0,0.5,0.0,0.16666666666666666,0.08333333333333333,0.0,0.0,0.0
1204325,37.15,20,0.0,0.0,0.09090909090909091,0.0,0.2727272727272727,0.6363636363636364,0.782608695652174,0.0,0.0,0.17391304347826086,0.043478260869565216,0.0,0.0,0.391304347826087,0.21739130434782608,0.0,0.17391304347826086,0.0,0.0,0.13043478260869565,0.043478260869565216,0.043478260869565216,0.0
12313,54.96521739130435,23,0.0,0.034482758620689655,0.034482758620689655,0.034482758620689655,0.2413793103448276,0.6551724137931034,0.7241379310344828,0.034482758620689655,0.034482758620689655,0.1724137931034483,0.034482758620689655,0.0,0.9310344827586207,0.0,0.0,0.0,0.0,0.0,0.0,0.06896551724137931,0.0,0.0,0.0
1258063,25.6125,8,0.0,0.0,0.125,0.25,0.25,0.375,0.875,0.125,0.0,0.0,0.0,0.0,0.0,0.75,0.0,0.0,0.125,0.0,0.0,0.125,0.0,0.0,0.0
1265453,31.182608695652174,23,0.16,0.12,0.2,0.2,0.2,0.12,0.6923076923076923,0.0,0.07692307692307693,0.11538461538461539,0.07692307692307693,0.038461538461538464,1.0,0.0,0.0,0.0,0.0,0.0,0.0,0.0,0.0,0.0,0.0
1267543,37.733333333333334,33,0.030303030303030304,0.0,0.09090909090909091,0.12121212121212122,0.2727272727272727,0.48484848484848486,0.6666666666666666,0.030303030303030304,0.06060606060606061,0.18181818181818182,0.06060606060606061,0.0,1.0,0.0,0.0,0.0,0.0,0.0,0.0,0.0,0.0,0.0,0.0
1269545,37.355555555555554,18,0.0,0.05555555555555555,0.16666666666666666,0.05555555555555555,0.3888888888888889,0.3333333333333333,0.5555555555555556,0.05555555555555555,0.05555555555555555,0.16666666666666666,0.16666666666666666,0.0,0.9444444444444444,0.0,0.05555555555555555,0.0,0.0,0.0,0.0,0.0,0.0,0.0,0.0
1270596,37.689655172413794,29,0.0,0.0,0.030303030303030304,0.09090909090909091,0.2727272727272727,0.6060606060606061,0.6060606060606061,0.0,0.030303030303030304,0.09090909090909091,0.2727272727272727,0.0,0.9090909090909091,0.0,0.0,0.0,0.0,0.0,0.0,0.09090909090909091,0.0,0.0,0.0
1272079,44.71875,16,0.05555555555555555,0.0,0.0,0.0,0.3333333333333333,0.6111111111111112,0.6111111111111112,0.1111111111111111,0.05555555555555555,0.1111111111111111,0.1111111111111111,0.0,0.8888888888888888,0.0,0.0,0.0,0.0,0.0,0.0,0.1111111111111111,0.0,0.0,0.0
1283028,37.45238095238095,21,0.0,0.0,0.15,0.15,0.3,0.4,0.8,0.1,0.0,0.05,0.05,0.0,0.05,0.25,0.25,0.0,0.0,0.0,0.0,0.05,0.4,0.0,0.0
1288002,49.561904761904756,21,0.0,0.0,0.0,0.0,0.045454545454545456,0.9545454545454546,1.0,0.0,0.0,0.0,0.0,0.0,0.0,0.6363636363636364,0.0,0.0,0.13636363636363635,0.0,0.0,0.18181818181818182,0.0,0.045454545454545456,0.0
1288839,35.19666666666667,30,0.0625,0.125,0.09375,0.40625,0.15625,0.15625,0.53125,0.03125,0.125,0.1875,0.09375,0.03125,0.8125,0.0,0.0625,0.0,0.0,0.0,0.0,0.125,0.0,0.0,0.0
1299927,38.945454545454545,11,0.0,0.0,0.08333333333333333,0.08333333333333333,0.16666666666666666,0.6666666666666666,0.6666666666666666,0.08333333333333333,0.08333333333333333,0.08333333333333333,0.0,0.08333333333333333,1.0,0.0,0.0,0.0,0.0,0.0,0.0,0.0,0.0,0.0,0.0
1300284,24.666666666666668,9,0.0,0.0,0.0,0.1,0.2,0.7,0.9,0.1,0.0,0.0,0.0,0.0,0.0,0.0,0.1,0.1,0.1,0.0,0.1,0.4,0.0,0.0,0.2
1300429,41.945454545454545,11,0.0,0.0,0.0,0.0,0.08333333333333333,0.9166666666666666,0.3333333333333333,0.0,0.0,0.16666666666666666,0.5,0.0,1.0,0.0,0.0,0.0,0.0,0.0,0.0,0.0,0.0,0.0,0.0
1306689,30.82972972972973,37,0.0,0.022222222222222223,0.06666666666666667,0.13333333333333333,0.06666666666666667,0.7111111111111111,0.7608695652173914,0.0,0.15217391304347827,0.06521739130434782,0.021739130434782608,0.0,0.0,0.30434782608695654,0.13043478260869565,0.0,0.10869565217391304,0.0,0.021739130434782608,0.32608695652173914,0.043478260869565216,0.06521739130434782,0.0
1314243,37.43,40,0.0,0.07142857142857142,0.023809523809523808,0.07142857142857142,0.35714285714285715,0.47619047619047616,0.5952380952380952,0.09523809523809523,0.14285714285714285,0.047619047619047616,0.047619047619047616,0.07142857142857142,0.9761904761904762,0.0,0.0,0.0,0.0,0.0,0.0,0.023809523809523808,0.0,0.0,0.0
1315444,34.55714285714286,7,0.0,0.0,0.0,0.14285714285714285,0.42857142857142855,0.42857142857142855,0.8571428571428571,0.0,0.0,0.14285714285714285,0.0,0.0,0.0,0.14285714285714285,0.14285714285714285,0.0,0.14285714285714285,0.0,0.0,0.5714285714285714,0.0,0.0,0.0
1318224,34.71176470588235,17,0.0,0.0,0.0,0.15789473684210525,0.3684210526315789,0.47368421052631576,0.8,0.1,0.05,0.0,0.0,0.05,1.0,0.0,0.0,0.0,0.0,0.0,0.0,0.0,0.0,0.0,0.0
13216,51.49655172413794,29,0.0,0.034482758620689655,0.06896551724137931,0.06896551724137931,0.3103448275862069,0.5172413793103449,0.7241379310344828,0.034482758620689655,0.0,0.1724137931034483,0.06896551724137931,0.0,1.0,0.0,0.0,0.0,0.0,0.0,0.0,0.0,0.0,0.0,0.0
1322390,26.26851851851852,54,0.03508771929824561,0.05263157894736842,0.07017543859649122,0.22807017543859648,0.3157894736842105,0.2982456140350877,0.8793103448275862,0.017241379310344827,0.017241379310344827,0.034482758620689655,0.034482758620689655,0.017241379310344827,0.0,0.29310344827586204,0.06896551724137931,0.0,0.08620689655172414,0.017241379310344827,0.0,0.4482758620689655,0.05172413793103448,0.017241379310344827,0.017241379310344827
1322665,32.08421052631579,19,0.0,0.0,0.0,0.05263157894736842,0.05263157894736842,0.8947368421052632,0.7894736842105263,0.0,0.0,0.10526315789473684,0.05263157894736842,0.05263157894736842,0.0,0.42105263157894735,0.0,0.0,0.47368421052631576,0.0,0.0,0.0,0.05263157894736842,0.0,0.05263157894736842
13277,48.769999999999996,60,0.016129032258064516,0.04838709677419355,0.0967741935483871,0.1774193548387097,0.25806451612903225,0.4032258064516129,0.8095238095238095,0.015873015873015872,0.047619047619047616,0.06349206349206349,0.06349206349206349,0.0,0.9841269841269841,0.0,0.0,0.0,0.0,0.0,0.0,0.015873015873015872,0.0,0.0,0.0
1330347,43.29705882352941,34,0.02702702702702703,0.0,0.02702702702702703,0.10810810810810811,0.21621621621621623,0.6216216216216216,0.6578947368421053,0.05263157894736842,0.0,0.21052631578947367,0.02631578947368421,0.05263157894736842,1.0,0.0,0.0,0.0,0.0,0.0,0.0,0.0,0.0,0.0,0.0
13401,42.8734375,64,0.014492753623188406,0.014492753623188406,0.043478260869565216,0.2463768115942029,0.2753623188405797,0.4057971014492754,0.6,0.04285714285714286,0.04285714285714286,0.17142857142857143,0.12857142857142856,0.014285714285714285,0.9428571428571428,0.0,0.0,0.0,0.0,0.0,0.0,0.04285714285714286,0.014285714285714285,0.0,0.0
13446,44.731914893617024,94,0.0,0.009900990099009901,0.039603960396039604,0.16831683168316833,0.25742574257425743,0.5247524752475248,0.5588235294117647,0.06862745098039216,0.049019607843137254,0.22549019607843138,0.09803921568627451,0.0,0.9509803921568627,0.0,0.0,0.0,0.0,0.0,0.0,0.029411764705882353,0.0196078431372549,0.0,0.0
1351760,31.876923076923074,26,0.0,0.0,0.0,0.0,0.12903225806451613,0.8709677419354839,0.41935483870967744,0.0967741935483871,0.22580645161290322,0.1935483870967742,0.06451612903225806,0.0,0.0,0.0,0.1935483870967742,0.5806451612903226,0.0,0.22580645161290322,0.0,0.0,0.0,0.0,0.0
13595,47.96612903225807,124,0.007462686567164179,0.007462686567164179,0.0,0.08208955223880597,0.1791044776119403,0.7238805970149254,0.6838235294117647,0.014705882352941176,0.03676470588235294,0.11029411764705882,0.15441176470588236,0.0,0.9779411764705882,0.0,0.0,0.0,0.0,0.0,0.0,0.014705882352941176,0.007352941176470588,0.0,0.0
1376131,32.03125,16,0.0,0.0,0.0625,0.0625,0.375,0.5,0.5294117647058824,0.058823529411764705,0.11764705882352941,0.23529411764705882,0.058823529411764705,0.0,0.9411764705882353,0.0,0.0,0.0,0.0,0.0,0.0,0.0,0.058823529411764705,0.0,0.0
1376181,35.10227272727273,44,0.0,0.0,0.020833333333333332,0.0625,0.125,0.7916666666666666,0.7083333333333334,0.0625,0.0625,0.08333333333333333,0.0625,0.020833333333333332,0.0,0.08333333333333333,0.2708333333333333,0.020833333333333332,0.020833333333333332,0.0,0.16666666666666666,0.4375,0.0,0.0,0.0
1379275,45.65,6,0.0,0.0,0.16666666666666666,0.0,0.5,0.3333333333333333,0.6666666666666666,0.16666666666666666,0.0,0.0,0.16666666666666666,0.0,1.0,0.0,0.0,0.0,0.0,0.0,0.0,0.0,0.0,0.0,0.0
1385488,36.728571428571435,14,0.058823529411764705,0.058823529411764705,0.0,0.0,0.29411764705882354,0.5882352941176471,0.8235294117647058,0.0,0.0,0.11764705882352941,0.058823529411764705,0.0,0.0,0.29411764705882354,0.11764705882352941,0.29411764705882354,0.058823529411764705,0.0,0.0,0.058823529411764705,0.17647058823529413,0.0,0.0
1385942,33.625,16,0.0,0.0,0.0,0.11764705882352941,0.35294117647058826,0.5294117647058824,0.9411764705882353,0.0,0.0,0.058823529411764705,0.0,0.0,0.0,0.5294117647058824,0.11764705882352941,0.0,0.0,0.0,0.0,0.0,0.11764705882352941,0.11764705882352941,0.11764705882352941
13980,44.85625,32,0.0,0.029411764705882353,0.029411764705882353,0.11764705882352941,0.20588235294117646,0.6176470588235294,0.6470588235294118,0.029411764705882353,0.029411764705882353,0.14705882352941177,0.14705882352941177,0.0,0.9705882352941176,0.029411764705882353,0.0,0.0,0.0,0.0,0.0,0.0,0.0,0.0,0.0
1403879,29.35,8,0.25,0.125,0.125,0.25,0.125,0.125,1.0,0.0,0.0,0.0,0.0,0.0,0.0,0.25,0.0,0.0,0.25,0.0,0.0,0.5,0.0,0.0,0.0
1427745,35.51428571428572,21,0.0,0.0,0.041666666666666664,0.20833333333333334,0.2916666666666667,0.4583333333333333,0.7307692307692307,0.0,0.07692307692307693,0.07692307692307693,0.0,0.11538461538461539,0.0,0.19230769230769232,0.07692307692307693,0.038461538461538464,0.038461538461538464,0.0,0.038461538461538464,0.6153846153846154,0.0,0.0,0.0
18558,34.41875,16,0.0,0.05555555555555555,0.16666666666666666,0.16666666666666666,0.2777777777777778,0.3333333333333333,0.8888888888888888,0.0,0.0,0.05555555555555555,0.05555555555555555,0.0,1.0,0.0,0.0,0.0,0.0,0.0,0.0,0.0,0.0,0.0,0.0
18559,40.392857142857146,28,0.0,0.11764705882352941,0.14705882352941177,0.3235294117647059,0.29411764705882354,0.11764705882352941,0.7714285714285715,0.08571428571428572,0.0,0.14285714285714285,0.0,0.0,0.9714285714285714,0.0,0.0,0.0,0.0,0.0,0.02857142857142857,0.0,0.0,0.0,0.0
18584,33.872093023255815,43,0.022222222222222223,0.022222222222222223,0.08888888888888889,0.2222222222222222,0.3333333333333333,0.3111111111111111,0.8775510204081632,0.0,0.0,0.10204081632653061,0.02040816326530612,0.0,0.9387755102040817,0.02040816326530612,0.0,0.0,0.0,0.0,0.02040816326530612,0.0,0.02040816326530612,0.0,0.0
18671,38.30625,16,0.0625,0.0625,0.0,0.125,0.5,0.25,0.6470588235294118,0.29411764705882354,0.058823529411764705,0.0,0.0,0.0,1.0,0.0,0.0,0.0,0.0,0.0,0.0,0.0,0.0,0.0,0.0
18683,38.741379310344826,29,0.0,0.0,0.029411764705882353,0.17647058823529413,0.17647058823529413,0.6176470588235294,0.8285714285714286,0.0,0.08571428571428572,0.05714285714285714,0.02857142857142857,0.0,0.0,0.5142857142857142,0.2,0.0,0.2571428571428571,0.0,0.0,0.02857142857142857,0.0,0.0,0.0
18903,38.05263157894737,19,0.0,0.0,0.0,0.0,0.0,1.0,0.9473684210526315,0.05263157894736842,0.0,0.0,0.0,0.0,0.0,0.631578947368421,0.0,0.0,0.0,0.0,0.10526315789473684,0.0,0.2631578947368421,0.0,0.0
19042,37.795,20,0.14285714285714285,0.23809523809523808,0.23809523809523808,0.2857142857142857,0.047619047619047616,0.047619047619047616,0.47619047619047616,0.09523809523809523,0.09523809523809523,0.23809523809523808,0.09523809523809523,0.0,0.9523809523809523,0.0,0.0,0.0,0.0,0.0,0.0,0.047619047619047616,0.0,0.0,0.0
19047,33.454385964912284,57,0.0,0.0,0.0,0.08333333333333333,0.06666666666666667,0.85,0.819672131147541,0.01639344262295082,0.04918032786885246,0.08196721311475409,0.03278688524590164,0.0,0.01639344262295082,0.39344262295081966,0.14754098360655737,0.01639344262295082,0.09836065573770492,0.01639344262295082,0.0,0.22950819672131148,0.03278688524590164,0.03278688524590164,0.01639344262295082
20030,34.51311475409836,61,0.015384615384615385,0.0,0.046153846153846156,0.16923076923076924,0.3230769230769231,0.4461538461538462,0.8,0.015384615384615385,0.06153846153846154,0.07692307692307693,0.03076923076923077,0.015384615384615385,0.015384615384615385,0.36923076923076925,0.16923076923076924,0.0,0.18461538461538463,0.0,0.0,0.26153846153846155,0.0,0.0,0.0
20239,45.13333333333333,24,0.0,0.0,0.0,0.2,0.26666666666666666,0.5333333333333333,0.7666666666666667,0.1,0.0,0.06666666666666667,0.06666666666666667,0.0,1.0,0.0,0.0,0.0,0.0,0.0,0.0,0.0,0.0,0.0,0.0
20756,26.983333333333334,6,0.0,0.0,0.0,0.0,0.0,1.0,1.0,0.0,0.0,0.0,0.0,0.0,0.0,0.3333333333333333,0.0,0.0,0.0,0.0,0.0,0.3333333333333333,0.3333333333333333,0.0,0.0
20933,36.98235294117647,17,0.0,0.10526315789473684,0.0,0.2631578947368421,0.3684210526315789,0.2631578947368421,0.7,0.0,0.0,0.2,0.05,0.05,1.0,0.0,0.0,0.0,0.0,0.0,0.0,0.0,0.0,0.0,0.0
21464,41.827777777777776,18,0.047619047619047616,0.14285714285714285,0.19047619047619047,0.23809523809523808,0.14285714285714285,0.23809523809523808,0.6818181818181818,0.0,0.09090909090909091,0.13636363636363635,0.09090909090909091,0.0,0.0,0.13636363636363635,0.3181818181818182,0.0,0.13636363636363635,0.0,0.09090909090909091,0.22727272727272727,0.09090909090909091,0.0,0.0
22047,36.32857142857143,21,0.047619047619047616,0.09523809523809523,0.14285714285714285,0.09523809523809523,0.23809523809523808,0.38095238095238093,0.9090909090909091,0.0,0.045454545454545456,0.045454545454545456,0.0,0.0,0.0,0.3181818181818182,0.045454545454545456,0.0,0.22727272727272727,0.0,0.0,0.4090909090909091,0.0,0.0,0.0
2209,40.6089552238806,67,0.11392405063291139,0.08860759493670886,0.17721518987341772,0.25316455696202533,0.189873417721519,0.17721518987341772,0.8641975308641975,0.024691358024691357,0.012345679012345678,0.012345679012345678,0.08641975308641975,0.0,0.9876543209876543,0.0,0.0,0.0,0.0,0.0,0.0,0.012345679012345678,0.0,0.0,0.0
317,41.98170731707317,82,0.09523809523809523,0.10714285714285714,0.15476190476190477,0.20238095238095238,0.25,0.19047619047619047,0.4823529411764706,0.011764705882352941,0.08235294117647059,0.17647058823529413,0.2235294117647059,0.023529411764705882,0.9764705882352941,0.011764705882352941,0.0,0.0,0.0,0.0,0.0,0.011764705882352941,0.0,0.0,0.0
318882,33.1,8,0.0,0.1111111111111111,0.0,0.5555555555555556,0.1111111111111111,0.2222222222222222,0.6666666666666666,0.1111111111111111,0.0,0.0,0.2222222222222222,0.0,1.0,0.0,0.0,0.0,0.0,0.0,0.0,0.0,0.0,0.0,0.0
37862,27.828070175438597,57,0.04918032786885246,0.0,0.13114754098360656,0.16393442622950818,0.3114754098360656,0.3442622950819672,0.7301587301587301,0.0,0.015873015873015872,0.20634920634920634,0.015873015873015872,0.031746031746031744,0.015873015873015872,0.5079365079365079,0.0,0.0,0.06349206349206349,0.0,0.09523809523809523,0.2857142857142857,0.0,0.031746031746031744,0.0
40343,36.84285714285714,14,0.0,0.0,0.0,0.17647058823529413,0.29411764705882354,0.5294117647058824,0.9411764705882353,0.0,0.0,0.058823529411764705,0.0,0.0,0.0,0.7058823529411765,0.058823529411764705,0.0,0.17647058823529413,0.0,0.0,0.0,0.0,0.058823529411764705,0.0
41238,38.71818181818182,33,0.02631578947368421,0.02631578947368421,0.15789473684210525,0.13157894736842105,0.3157894736842105,0.34210526315789475,0.6052631578947368,0.07894736842105263,0.02631578947368421,0.15789473684210525,0.13157894736842105,0.0,0.9473684210526315,0.0,0.0,0.0,0.0,0.0,0.0,0.05263157894736842,0.0,0.0,0.0
43664,26.19782608695652,46,0.02,0.08,0.06,0.24,0.24,0.36,0.7547169811320755,0.05660377358490566,0.05660377358490566,0.05660377358490566,0.05660377358490566,0.018867924528301886,0.018867924528301886,0.33962264150943394,0.18867924528301888,0.018867924528301886,0.18867924528301888,0.0,0.0,0.09433962264150944,0.1320754716981132,0.018867924528301886,0.0
46377,33.725,8,0.0,0.0,0.3,0.2,0.2,0.3,0.7,0.0,0.2,0.0,0.1,0.0,0.0,0.4,0.3,0.0,0.2,0.0,0.0,0.0,0.1,0.0,0.0
47051,36.06111111111111,18,0.1,0.0,0.05,0.05,0.0,0.8,0.8,0.0,0.05,0.1,0.05,0.0,0.0,0.5,0.1,0.0,0.2,0.0,0.05,0.1,0.0,0.0,0.05
47069,38.00869565217391,23,0.038461538461538464,0.0,0.038461538461538464,0.038461538461538464,0.19230769230769232,0.6923076923076923,0.5,0.07692307692307693,0.19230769230769232,0.11538461538461539,0.11538461538461539,0.0,0.0,0.19230769230769232,0.23076923076923078,0.11538461538461539,0.3076923076923077,0.11538461538461539,0.0,0.038461538461538464,0.0,0.0,0.0
47505,37.306666666666665,15,0.125,0.0,0.0,0.125,0.125,0.625,0.6875,0.0,0.125,0.125,0.0625,0.0,0.0,0.25,0.1875,0.0,0.375,0.0,0.0,0.1875,0.0,0.0,0.0
48205,24.603571428571428,56,0.01694915254237288,0.01694915254237288,0.1016949152542373,0.2033898305084746,0.1694915254237288,0.4915254237288136,0.8709677419354839,0.0,0.03225806451612903,0.06451612903225806,0.03225806451612903,0.0,0.0,0.3064516129032258,0.08064516129032258,0.016129032258064516,0.04838709677419355,0.0,0.016129032258064516,0.41935483870967744,0.0967741935483871,0.016129032258064516,0.0
48675,36.07272727272727,11,0.06666666666666667,0.0,0.0,0.2,0.26666666666666666,0.4666666666666667,0.5333333333333333,0.0,0.2,0.13333333333333333,0.13333333333333333,0.0,0.0,0.06666666666666667,0.3333333333333333,0.06666666666666667,0.4,0.0,0.06666666666666667,0.06666666666666667,0.0,0.0,0.0
49054,37.43,30,0.03225806451612903,0.0,0.03225806451612903,0.22580645161290322,0.16129032258064516,0.5483870967741935,0.8823529411764706,0.0,0.029411764705882353,0.058823529411764705,0.029411764705882353,0.0,0.0,0.4411764705882353,0.08823529411764706,0.0,0.11764705882352941,0.0,0.08823529411764706,0.17647058823529413,0.058823529411764705,0.0,0.029411764705882353
49071,33.44,10,0.0,0.0,0.07692307692307693,0.0,0.3076923076923077,0.6153846153846154,0.6923076923076923,0.0,0.23076923076923078,0.07692307692307693,0.0,0.0,0.0,0.15384615384615385,0.07692307692307693,0.0,0.07692307692307693,0.0,0.0,0.5384615384615384,0.15384615384615385,0.0,0.0
5000135,41.78169014084507,71,0.0547945205479452,0.0821917808219178,0.1232876712328767,0.3013698630136986,0.2465753424657534,0.1917808219178082,0.6133333333333333,0.05333333333333334,0.12,0.09333333333333334,0.10666666666666667,0.013333333333333334,1.0,0.0,0.0,0.0,0.0,0.0,0.0,0.0,0.0,0.0,0.0
5000143,39.04642857142857,56,0.0,0.0,0.03333333333333333,0.11666666666666667,0.38333333333333336,0.4666666666666667,0.7384615384615385,0.015384615384615385,0.06153846153846154,0.13846153846153847,0.046153846153846156,0.0,0.9692307692307692,0.0,0.0,0.0,0.0,0.0,0.015384615384615385,0.015384615384615385,0.0,0.0,0.0
50082,40.489999999999995,10,0.07142857142857142,0.07142857142857142,0.0,0.2857142857142857,0.14285714285714285,0.42857142857142855,0.6428571428571429,0.0,0.07142857142857142,0.2857142857142857,0.0,0.0,0.0,0.07142857142857142,0.14285714285714285,0.5,0.0,0.2857142857142857,0.0,0.0,0.0,0.0,0.0
50981,31.93,10,0.1111111111111111,0.0,0.1111111111111111,0.0,0.1111111111111111,0.6666666666666666,0.4,0.0,0.0,0.6,0.0,0.0,0.0,0.0,0.1,0.4,0.2,0.3,0.0,0.0,0.0,0.0,0.0
51020,40.339999999999996,5,0.16666666666666666,0.3333333333333333,0.0,0.16666666666666666,0.0,0.3333333333333333,0.5,0.0,0.16666666666666666,0.16666666666666666,0.16666666666666666,0.0,0.0,0.0,0.0,0.3333333333333333,0.0,0.6666666666666666,0.0,0.0,0.0,0.0,0.0
513,45.15555555555556,45,0.03636363636363636,0.01818181818181818,0.03636363636363636,0.12727272727272726,0.41818181818181815,0.36363636363636365,0.7017543859649122,0.05263157894736842,0.03508771929824561,0.07017543859649122,0.14035087719298245,0.0,0.9824561403508771,0.0,0.0,0.0,0.0,0.0,0.0,0.017543859649122806,0.0,0.0,0.0
53331,47.042857142857144,7,0.0,0.0,0.0,0.0,0.42857142857142855,0.5714285714285714,0.42857142857142855,0.0,0.14285714285714285,0.42857142857142855,0.0,0.0,0.0,0.14285714285714285,0.14285714285714285,0.0,0.14285714285714285,0.0,0.0,0.2857142857142857,0.2857142857142857,0.0,0.0
53333,37.957142857142856,14,0.0,0.0,0.07142857142857142,0.0,0.35714285714285715,0.5714285714285714,0.9285714285714286,0.0,0.07142857142857142,0.0,0.0,0.0,0.0,0.14285714285714285,0.2857142857142857,0.0,0.14285714285714285,0.0,0.0,0.2857142857142857,0.14285714285714285,0.0,0.0
53342,50.269999999999996,10,0.0,0.0,0.0,0.0,0.08333333333333333,0.9166666666666666,0.75,0.0,0.08333333333333333,0.08333333333333333,0.08333333333333333,0.0,0.0,0.08333333333333333,0.3333333333333333,0.0,0.08333333333333333,0.0,0.08333333333333333,0.4166666666666667,0.0,0.0,0.0
54934,41.627272727272725,11,0.0,0.0,0.0,0.08333333333333333,0.25,0.6666666666666666,0.6666666666666666,0.0,0.0,0.16666666666666666,0.16666666666666666,0.0,0.0,0.08333333333333333,0.08333333333333333,0.08333333333333333,0.3333333333333333,0.0,0.08333333333333333,0.3333333333333333,0.0,0.0,0.0
55402,36.526666666666664,15,0.0,0.0,0.0,0.0,0.0,1.0,0.6875,0.0,0.125,0.1875,0.0,0.0,0.0,0.125,0.0,0.25,0.0625,0.25,0.0,0.25,0.0625,0.0,0.0
55777,38.84230769230769,26,0.0,0.0,0.0,0.0,0.07407407407407407,0.9259259259259259,0.9642857142857143,0.0,0.0,0.03571428571428571,0.0,0.0,0.0,0.2857142857142857,0.21428571428571427,0.0,0.07142857142857142,0.0,0.17857142857142858,0.17857142857142858,0.03571428571428571,0.03571428571428571,0.0
56172,40.252941176470586,17,0.0,0.05,0.05,0.15,0.2,0.55,0.7619047619047619,0.0,0.14285714285714285,0.047619047619047616,0.047619047619047616,0.0,0.0,0.23809523809523808,0.09523809523809523,0.0,0.38095238095238093,0.0,0.0,0.2857142857142857,0.0,0.0,0.0
57606,32.71,10,0.1,0.1,0.1,0.1,0.2,0.4,0.7,0.1,0.0,0.1,0.0,0.1,1.0,0.0,0.0,0.0,0.0,0.0,0.0,0.0,0.0,0.0,0.0
57612,38.333333333333336,6,0.16666666666666666,0.0,0.0,0.16666666666666666,0.3333333333333333,0.3333333333333333,0.8333333333333334,0.0,0.0,0.16666666666666666,0.0,0.0,0.0,0.3333333333333333,0.0,0.0,0.5,0.0,0.0,0.16666666666666666,0.0,0.0,0.0
58808,24.65416666666667,24,0.03571428571428571,0.14285714285714285,0.0,0.25,0.35714285714285715,0.21428571428571427,0.9655172413793104,0.0,0.0,0.0,0.034482758620689655,0.0,0.034482758620689655,0.3103448275862069,0.2413793103448276,0.0,0.034482758620689655,0.0,0.034482758620689655,0.20689655172413793,0.13793103448275862,0.0,0.0
59122,40.28333333333333,18,0.0,0.0,0.0,0.0,0.0,1.0,0.8421052631578947,0.0,0.05263157894736842,0.0,0.05263157894736842,0.05263157894736842,0.0,0.15789473684210525,0.21052631578947367,0.0,0.42105263157894735,0.0,0.0,0.15789473684210525,0.05263157894736842,0.0,0.0
62484,47.78863636363636,44,0.0,0.0,0.0,0.16279069767441862,0.3023255813953488,0.5348837209302325,0.6382978723404256,0.06382978723404255,0.0425531914893617,0.06382978723404255,0.1702127659574468,0.02127659574468085,0.9574468085106383,0.0,0.0,0.0,0.0,0.0,0.0,0.0,0.0425531914893617,0.0,0.0
64664,41.486046511627904,43,0.0,0.0,0.0,0.0,0.1568627450980392,0.8431372549019608,0.6923076923076923,0.019230769230769232,0.09615384615384616,0.07692307692307693,0.09615384615384616,0.019230769230769232,0.0,0.21153846153846154,0.17307692307692307,0.0,0.25,0.019230769230769232,0.23076923076923078,0.038461538461538464,0.019230769230769232,0.038461538461538464,0.019230769230769232
67092,33.94285714285714,7,0.0,0.0,0.0,0.0,0.08333333333333333,0.9166666666666666,1.0,0.0,0.0,0.0,0.0,0.0,0.08333333333333333,0.5833333333333334,0.08333333333333333,0.0,0.0,0.0,0.0,0.16666666666666666,0.0,0.08333333333333333,0.0
67601,39.327777777777776,18,0.0,0.0,0.05,0.35,0.35,0.25,0.8571428571428571,0.0,0.047619047619047616,0.047619047619047616,0.047619047619047616,0.0,0.0,0.14285714285714285,0.14285714285714285,0.0,0.38095238095238093,0.047619047619047616,0.0,0.19047619047619047,0.09523809523809523,0.0,0.0
68930,41.51538461538462,13,0.0,0.0,0.0,0.15384615384615385,0.38461538461538464,0.46153846153846156,0.8461538461538461,0.15384615384615385,0.0,0.0,0.0,0.0,0.0,0.3076923076923077,0.07692307692307693,0.07692307692307693,0.15384615384615385,0.07692307692307693,0.0,0.15384615384615385,0.15384615384615385,0.0,0.0
73140,40.440000000000005,15,0.0,0.0,0.0625,0.1875,0.125,0.625,0.9375,0.0,0.0625,0.0,0.0,0.0,0.0,0.0625,0.125,0.0,0.625,0.0625,0.0,0.0,0.0625,0.0625,0.0
74737,31.38888888888889,18,0.0,0.0,0.05,0.2,0.15,0.6,0.7,0.1,0.1,0.0,0.1,0.0,0.0,0.05,0.45,0.1,0.05,0.0,0.0,0.1,0.15,0.05,0.05
81210,37.516666666666666,6,0.0,0.0,0.0,0.0,0.0,1.0,0.8333333333333334,0.0,0.0,0.16666666666666666,0.0,0.0,0.0,0.3333333333333333,0.3333333333333333,0.0,0.16666666666666666,0.0,0.0,0.16666666666666666,0.0,0.0,0.0
83388,32.28636363636363,22,0.041666666666666664,0.08333333333333333,0.125,0.041666666666666664,0.25,0.4583333333333333,1.0,0.0,0.0,0.0,0.0,0.0,0.0,0.625,0.0,0.041666666666666664,0.041666666666666664,0.08333333333333333,0.0,0.16666666666666666,0.0,0.0,0.041666666666666664
86326,39.4,12,0.0,0.0,0.0,0.15384615384615385,0.46153846153846156,0.38461538461538464,0.6153846153846154,0.07692307692307693,0.0,0.23076923076923078,0.0,0.07692307692307693,0.9230769230769231,0.0,0.0,0.0,0.0,0.0,0.0,0.07692307692307693,0.0,0.0,0.0
87396,40.09166666666666,12,0.0,0.06666666666666667,0.06666666666666667,0.06666666666666667,0.4,0.4,0.5333333333333333,0.2,0.06666666666666667,0.2,0.0,0.0,1.0,0.0,0.0,0.0,0.0,0.0,0.0,0.0,0.0,0.0,0.0
88068,29.866666666666667,9,0.3,0.0,0.0,0.0,0.4,0.3,0.7,0.0,0.1,0.0,0.2,0.0,0.0,0.2,0.2,0.0,0.2,0.0,0.0,0.2,0.2,0.0,0.0
88084,28.21578947368421,38,0.025,0.075,0.0,0.1,0.05,0.75,0.975609756097561,0.0,0.0,0.024390243902439025,0.0,0.0,0.0,0.21951219512195122,0.0975609756097561,0.0,0.0975609756097561,0.0,0.0,0.4634146341463415,0.07317073170731707,0.04878048780487805,0.0
90030,38.47391304347826,23,0.0,0.0,0.08,0.08,0.44,0.4,0.48,0.04,0.08,0.32,0.08,0.0,0.0,0.08,0.08,0.44,0.12,0.28,0.0,0.0,0.0,0.0,0.0
91181,32.050000000000004,12,0.0,0.0,0.09090909090909091,0.09090909090909091,0.36363636363636365,0.45454545454545453,0.5833333333333334,0.0,0.16666666666666666,0.16666666666666666,0.08333333333333333,0.0,0.0,0.25,0.16666666666666666,0.16666666666666666,0.16666666666666666,0.08333333333333333,0.0,0.16666666666666666,0.0,0.0,0.0
91262,43.32,5,0.0,0.0,0.0,0.0,0.3333333333333333,0.6666666666666666,0.8333333333333334,0.0,0.16666666666666666,0.0,0.0,0.0,1.0,0.0,0.0,0.0,0.0,0.0,0.0,0.0,0.0,0.0,0.0
9414,34.23571428571429,28,0.17857142857142858,0.03571428571428571,0.14285714285714285,0.14285714285714285,0.21428571428571427,0.2857142857142857,0.6896551724137931,0.0,0.034482758620689655,0.13793103448275862,0.13793103448275862,0.0,0.0,0.034482758620689655,0.6206896551724138,0.0,0.10344827586206896,0.0,0.0,0.1724137931034483,0.0,0.06896551724137931,0.0
9425,31.05909090909091,22,0.08,0.0,0.16,0.24,0.28,0.24,0.34615384615384615,0.07692307692307693,0.15384615384615385,0.34615384615384615,0.038461538461538464,0.038461538461538464,0.038461538461538464,0.07692307692307693,0.7307692307692307,0.0,0.11538461538461539,0.0,0.0,0.038461538461538464,0.0,0.0,0.0
9440,43.586666666666666,15,0.0,0.0,0.0,0.0,0.0,1.0,0.6111111111111112,0.0,0.1111111111111111,0.2777777777777778,0.0,0.0,0.0,0.2777777777777778,0.5,0.0,0.16666666666666666,0.0,0.0,0.05555555555555555,0.0,0.0,0.0
94762,34.696666666666665,90,0.10989010989010989,0.0989010989010989,0.13186813186813187,0.1978021978021978,0.14285714285714285,0.31868131868131866,0.9052631578947369,0.0,0.042105263157894736,0.031578947368421054,0.021052631578947368,0.0,0.0,0.4842105263157895,0.17894736842105263,0.0,0.06315789473684211,0.0,0.0,0.11578947368421053,0.14736842105263157,0.010526315789473684,0.0
95017,41.13181818181818,44,0.046511627906976744,0.11627906976744186,0.16279069767441862,0.2558139534883721,0.20930232558139536,0.20930232558139536,0.45454545454545453,0.06818181818181818,0.045454545454545456,0.20454545454545456,0.20454545454545456,0.022727272727272728,1.0,0.0,0.0,0.0,0.0,0.0,0.0,0.0,0.0,0.0,0.0
95175,36.7,42,0.0,0.0196078431372549,0.0392156862745098,0.09803921568627451,0.23529411764705882,0.6078431372549019,0.6923076923076923,0.0,0.019230769230769232,0.057692307692307696,0.21153846153846154,0.019230769230769232,0.0,0.11538461538461539,0.19230769230769232,0.1346153846153846,0.34615384615384615,0.057692307692307696,0.057692307692307696,0.09615384615384616,0.0,0.0,0.0
968,34.39866666666667,75,0.0379746835443038,0.0379746835443038,0.0379746835443038,0.0759493670886076,0.22784810126582278,0.5822784810126582,0.8987341772151899,0.012658227848101266,0.06329113924050633,0.012658227848101266,0.012658227848101266,0.0,0.012658227848101266,0.6708860759493671,0.06329113924050633,0.0,0.10126582278481013,0.0,0.0,0.08860759493670886,0.05063291139240506,0.0,0.012658227848101266
97443,43.69565217391305,23,0.0,0.0,0.0,0.125,0.25,0.625,0.75,0.041666666666666664,0.041666666666666664,0.08333333333333333,0.08333333333333333,0.0,0.0,0.20833333333333334,0.16666666666666666,0.041666666666666664,0.16666666666666666,0.0,0.0,0.4166666666666667,0.0,0.0,0.0
97778,40.61785714285714,28,0.10344827586206896,0.06896551724137931,0.10344827586206896,0.1724137931034483,0.27586206896551724,0.27586206896551724,0.4482758620689655,0.1724137931034483,0.06896551724137931,0.2413793103448276,0.06896551724137931,0.0,1.0,0.0,0.0,0.0,0.0,0.0,0.0,0.0,0.0,0.0,0.0
98013,40.766666666666666,6,0.0,0.0,0.0,0.0,0.0,1.0,0.8333333333333334,0.0,0.16666666666666666,0.0,0.0,0.0,0.0,0.16666666666666666,0.16666666666666666,0.0,0.3333333333333333,0.0,0.0,0.16666666666666666,0.16666666666666666,0.0,0.0
98305,38.550000000000004,22,0.037037037037037035,0.07407407407407407,0.07407407407407407,0.14814814814814814,0.2222222222222222,0.4444444444444444,0.5925925925925926,0.14814814814814814,0.0,0.1111111111111111,0.14814814814814814,0.0,1.0,0.0,0.0,0.0,0.0,0.0,0.0,0.0,0.0,0.0,0.0
98595,41.17551020408163,49,0.015384615384615385,0.015384615384615385,0.0,0.015384615384615385,0.2153846153846154,0.7384615384615385,0.8,0.0,0.18461538461538463,0.0,0.015384615384615385,0.0,0.0,0.23076923076923078,0.046153846153846156,0.06153846153846154,0.1076923076923077,0.046153846153846156,0.03076923076923077,0.47692307692307695,0.0,0.0,0.0
98665,27.10666666666667,15,0.0,0.13333333333333333,0.2,0.3333333333333333,0.13333333333333333,0.2,1.0,0.0,0.0,0.0,0.0,0.0,1.0,0.0,0.0,0.0,0.0,0.0,0.0,0.0,0.0,0.0,0.0
98764,24.529411764705884,17,0.06666666666666667,0.0,0.13333333333333333,0.0,0.26666666666666666,0.5333333333333333,0.875,0.0,0.0,0.0625,0.0625,0.0,0.0,0.1875,0.125,0.0,0.0,0.0,0.0,0.125,0.5625,0.0,0.0
98957,26.214285714285715,14,0.0,0.0,0.0,0.16666666666666666,0.0,0.8333333333333334,0.6666666666666666,0.0,0.08333333333333333,0.08333333333333333,0.16666666666666666,0.0,0.0,0.5,0.0,0.0,0.3333333333333333,0.0,0.16666666666666666,0.0,0.0,0.0,0.0
99406,48.96,15,0.06666666666666667,0.06666666666666667,0.13333333333333333,0.26666666666666666,0.26666666666666666,0.2,0.6666666666666666,0.06666666666666667,0.0,0.13333333333333333,0.13333333333333333,0.0,1.0,0.0,0.0,0.0,0.0,0.0,0.0,0.0,0.0,0.0,0.0
99820,45.4,19,0.0,0.0,0.0,0.06896551724137931,0.20689655172413793,0.7241379310344828,0.4827586206896552,0.13793103448275862,0.06896551724137931,0.20689655172413793,0.06896551724137931,0.034482758620689655,0.0,0.1724137931034483,0.4827586206896552,0.034482758620689655,0.20689655172413793,0.034482758620689655,0.06896551724137931,0.0,0.0,0.0,0.0
